country,page_num,plot_num,region,plot_name,asterisk,date,value,headline
Hawaii,1,1,Hawaii,Retail & recreation,False,2020-02-23,2.077,-55%
Hawaii,1,1,Hawaii,Retail & recreation,False,2020-02-24,0.957,-55%
Hawaii,1,1,Hawaii,Retail & recreation,False,2020-02-25,1.234,-55%
Hawaii,1,1,Hawaii,Retail & recreation,False,2020-02-26,1.577,-55%
Hawaii,1,1,Hawaii,Retail & recreation,False,2020-02-27,2.799,-55%
Hawaii,1,1,Hawaii,Retail & recreation,False,2020-02-28,2.177,-55%
Hawaii,1,1,Hawaii,Retail & recreation,False,2020-02-29,0.761,-55%
Hawaii,1,1,Hawaii,Retail & recreation,False,2020-03-01,1.987,-55%
Hawaii,1,1,Hawaii,Retail & recreation,False,2020-03-02,0.468,-55%
Hawaii,1,1,Hawaii,Retail & recreation,False,2020-03-03,1.405,-55%
Hawaii,1,1,Hawaii,Retail & recreation,False,2020-03-04,-0.788,-55%
Hawaii,1,1,Hawaii,Retail & recreation,False,2020-03-05,0.995,-55%
Hawaii,1,1,Hawaii,Retail & recreation,False,2020-03-06,-1.261,-55%
Hawaii,1,1,Hawaii,Retail & recreation,False,2020-03-07,0.149,-55%
Hawaii,1,1,Hawaii,Retail & recreation,False,2020-03-08,-0.338,-55%
Hawaii,1,1,Hawaii,Retail & recreation,False,2020-03-09,-1.731,-55%
Hawaii,1,1,Hawaii,Retail & recreation,False,2020-03-10,-1.896,-55%
Hawaii,1,1,Hawaii,Retail & recreation,False,2020-03-11,-2.118,-55%
Hawaii,1,1,Hawaii,Retail & recreation,False,2020-03-12,-1.990,-55%
Hawaii,1,1,Hawaii,Retail & recreation,False,2020-03-13,-3.755,-55%
Hawaii,1,1,Hawaii,Retail & recreation,False,2020-03-14,-6.238,-55%
Hawaii,1,1,Hawaii,Retail & recreation,False,2020-03-15,-7.990,-55%
Hawaii,1,1,Hawaii,Retail & recreation,False,2020-03-16,-9.751,-55%
Hawaii,1,1,Hawaii,Retail & recreation,False,2020-03-17,-17.506,-55%
Hawaii,1,1,Hawaii,Retail & recreation,False,2020-03-18,-20.446,-55%
Hawaii,1,1,Hawaii,Retail & recreation,False,2020-03-19,-22.840,-55%
Hawaii,1,1,Hawaii,Retail & recreation,False,2020-03-20,-30.536,-55%
Hawaii,1,1,Hawaii,Retail & recreation,False,2020-03-21,-39.995,-55%
Hawaii,1,1,Hawaii,Retail & recreation,False,2020-03-22,-41.867,-55%
Hawaii,1,1,Hawaii,Retail & recreation,False,2020-03-23,-37.806,-55%
Hawaii,1,1,Hawaii,Retail & recreation,False,2020-03-24,-45.145,-55%
Hawaii,1,1,Hawaii,Retail & recreation,False,2020-03-25,-50.439,-55%
Hawaii,1,1,Hawaii,Retail & recreation,False,2020-03-26,-51.268,-55%
Hawaii,1,1,Hawaii,Retail & recreation,False,2020-03-27,-52.054,-55%
Hawaii,1,1,Hawaii,Retail & recreation,False,2020-03-28,-55.850,-55%
Hawaii,1,1,Hawaii,Retail & recreation,False,2020-03-29,-56.167,-55%
Hawaii,1,1,Hawaii,Retail & recreation,False,2020-03-30,-48.901,-55%
Hawaii,1,1,Hawaii,Retail & recreation,False,2020-03-31,-48.144,-55%
Hawaii,1,1,Hawaii,Retail & recreation,False,2020-04-01,-48.320,-55%
Hawaii,1,1,Hawaii,Retail & recreation,False,2020-04-02,-49.513,-55%
Hawaii,1,1,Hawaii,Retail & recreation,False,2020-04-03,-49.057,-55%
Hawaii,1,1,Hawaii,Retail & recreation,False,2020-04-04,-54.528,-55%
Hawaii,1,1,Hawaii,Retail & recreation,False,2020-04-05,-54.656,-55%
Hawaii,1,2,Hawaii,Grocery & pharmacy,False,2020-02-23,0.000,-26%
Hawaii,1,2,Hawaii,Grocery & pharmacy,False,2020-02-24,-0.717,-26%
Hawaii,1,2,Hawaii,Grocery & pharmacy,False,2020-02-25,-0.337,-26%
Hawaii,1,2,Hawaii,Grocery & pharmacy,False,2020-02-26,2.271,-26%
Hawaii,1,2,Hawaii,Grocery & pharmacy,False,2020-02-27,3.708,-26%
Hawaii,1,2,Hawaii,Grocery & pharmacy,False,2020-02-28,1.751,-26%
Hawaii,1,2,Hawaii,Grocery & pharmacy,False,2020-02-29,1.237,-26%
Hawaii,1,2,Hawaii,Grocery & pharmacy,False,2020-03-01,2.267,-26%
Hawaii,1,2,Hawaii,Grocery & pharmacy,False,2020-03-02,0.929,-26%
Hawaii,1,2,Hawaii,Grocery & pharmacy,False,2020-03-03,5.055,-26%
Hawaii,1,2,Hawaii,Grocery & pharmacy,False,2020-03-04,1.198,-26%
Hawaii,1,2,Hawaii,Grocery & pharmacy,False,2020-03-05,6.250,-26%
Hawaii,1,2,Hawaii,Grocery & pharmacy,False,2020-03-06,1.027,-26%
Hawaii,1,2,Hawaii,Grocery & pharmacy,False,2020-03-07,3.516,-26%
Hawaii,1,2,Hawaii,Grocery & pharmacy,False,2020-03-08,2.396,-26%
Hawaii,1,2,Hawaii,Grocery & pharmacy,False,2020-03-09,1.013,-26%
Hawaii,1,2,Hawaii,Grocery & pharmacy,False,2020-03-10,0.043,-26%
Hawaii,1,2,Hawaii,Grocery & pharmacy,False,2020-03-11,0.620,-26%
Hawaii,1,2,Hawaii,Grocery & pharmacy,False,2020-03-12,5.334,-26%
Hawaii,1,2,Hawaii,Grocery & pharmacy,False,2020-03-13,9.133,-26%
Hawaii,1,2,Hawaii,Grocery & pharmacy,False,2020-03-14,6.414,-26%
Hawaii,1,2,Hawaii,Grocery & pharmacy,False,2020-03-15,4.876,-26%
Hawaii,1,2,Hawaii,Grocery & pharmacy,False,2020-03-16,7.303,-26%
Hawaii,1,2,Hawaii,Grocery & pharmacy,False,2020-03-17,0.632,-26%
Hawaii,1,2,Hawaii,Grocery & pharmacy,False,2020-03-18,-0.206,-26%
Hawaii,1,2,Hawaii,Grocery & pharmacy,False,2020-03-19,-1.625,-26%
Hawaii,1,2,Hawaii,Grocery & pharmacy,False,2020-03-20,-5.327,-26%
Hawaii,1,2,Hawaii,Grocery & pharmacy,False,2020-03-21,-14.142,-26%
Hawaii,1,2,Hawaii,Grocery & pharmacy,False,2020-03-22,-16.082,-26%
Hawaii,1,2,Hawaii,Grocery & pharmacy,False,2020-03-23,-14.563,-26%
Hawaii,1,2,Hawaii,Grocery & pharmacy,False,2020-03-24,-21.862,-26%
Hawaii,1,2,Hawaii,Grocery & pharmacy,False,2020-03-25,-30.470,-26%
Hawaii,1,2,Hawaii,Grocery & pharmacy,False,2020-03-26,-32.375,-26%
Hawaii,1,2,Hawaii,Grocery & pharmacy,False,2020-03-27,-31.545,-26%
Hawaii,1,2,Hawaii,Grocery & pharmacy,False,2020-03-28,-36.321,-26%
Hawaii,1,2,Hawaii,Grocery & pharmacy,False,2020-03-29,-36.399,-26%
Hawaii,1,2,Hawaii,Grocery & pharmacy,False,2020-03-30,-30.941,-26%
Hawaii,1,2,Hawaii,Grocery & pharmacy,False,2020-03-31,-30.750,-26%
Hawaii,1,2,Hawaii,Grocery & pharmacy,False,2020-04-01,-30.305,-26%
Hawaii,1,2,Hawaii,Grocery & pharmacy,False,2020-04-02,-27.292,-26%
Hawaii,1,2,Hawaii,Grocery & pharmacy,False,2020-04-03,-22.755,-26%
Hawaii,1,2,Hawaii,Grocery & pharmacy,False,2020-04-04,-29.328,-26%
Hawaii,1,2,Hawaii,Grocery & pharmacy,False,2020-04-05,-26.133,-26%
Hawaii,1,3,Hawaii,Parks,False,2020-02-23,15.569,-67%
Hawaii,1,3,Hawaii,Parks,False,2020-02-24,5.547,-67%
Hawaii,1,3,Hawaii,Parks,False,2020-02-25,5.310,-67%
Hawaii,1,3,Hawaii,Parks,False,2020-02-26,8.772,-67%
Hawaii,1,3,Hawaii,Parks,False,2020-02-27,2.553,-67%
Hawaii,1,3,Hawaii,Parks,False,2020-02-28,-1.295,-67%
Hawaii,1,3,Hawaii,Parks,False,2020-02-29,0.250,-67%
Hawaii,1,3,Hawaii,Parks,False,2020-03-01,-6.886,-67%
Hawaii,1,3,Hawaii,Parks,False,2020-03-02,-7.003,-67%
Hawaii,1,3,Hawaii,Parks,False,2020-03-03,-0.497,-67%
Hawaii,1,3,Hawaii,Parks,False,2020-03-04,6.579,-67%
Hawaii,1,3,Hawaii,Parks,False,2020-03-05,-0.760,-67%
Hawaii,1,3,Hawaii,Parks,False,2020-03-06,-8.393,-67%
Hawaii,1,3,Hawaii,Parks,False,2020-03-07,3.984,-67%
Hawaii,1,3,Hawaii,Parks,False,2020-03-08,3.394,-67%
Hawaii,1,3,Hawaii,Parks,False,2020-03-09,-6.386,-67%
Hawaii,1,3,Hawaii,Parks,False,2020-03-10,0.996,-67%
Hawaii,1,3,Hawaii,Parks,False,2020-03-11,3.751,-67%
Hawaii,1,3,Hawaii,Parks,False,2020-03-12,-12.004,-67%
Hawaii,1,3,Hawaii,Parks,False,2020-03-13,-8.134,-67%
Hawaii,1,3,Hawaii,Parks,False,2020-03-14,1.644,-67%
Hawaii,1,3,Hawaii,Parks,False,2020-03-15,-7.235,-67%
Hawaii,1,3,Hawaii,Parks,False,2020-03-16,-33.669,-67%
Hawaii,1,3,Hawaii,Parks,False,2020-03-17,-42.533,-67%
Hawaii,1,3,Hawaii,Parks,False,2020-03-18,-23.369,-67%
Hawaii,1,3,Hawaii,Parks,False,2020-03-19,-31.070,-67%
Hawaii,1,3,Hawaii,Parks,False,2020-03-20,-29.378,-67%
Hawaii,1,3,Hawaii,Parks,False,2020-03-21,-37.500,-67%
Hawaii,1,3,Hawaii,Parks,False,2020-03-22,-42.615,-67%
Hawaii,1,3,Hawaii,Parks,False,2020-03-23,-58.544,-67%
Hawaii,1,3,Hawaii,Parks,False,2020-03-24,-61.892,-67%
Hawaii,1,3,Hawaii,Parks,False,2020-03-25,-65.262,-67%
Hawaii,1,3,Hawaii,Parks,False,2020-03-26,-69.039,-67%
Hawaii,1,3,Hawaii,Parks,False,2020-03-27,-69.482,-67%
Hawaii,1,3,Hawaii,Parks,False,2020-03-28,-64.891,-67%
Hawaii,1,3,Hawaii,Parks,False,2020-03-29,-65.070,-67%
Hawaii,1,3,Hawaii,Parks,False,2020-03-30,-67.171,-67%
Hawaii,1,3,Hawaii,Parks,False,2020-03-31,-68.197,-67%
Hawaii,1,3,Hawaii,Parks,False,2020-04-01,-59.781,-67%
Hawaii,1,3,Hawaii,Parks,False,2020-04-02,-62.900,-67%
Hawaii,1,3,Hawaii,Parks,False,2020-04-03,-64.663,-67%
Hawaii,1,3,Hawaii,Parks,False,2020-04-04,-63.197,-67%
Hawaii,1,3,Hawaii,Parks,False,2020-04-05,-67.465,-67%
Hawaii,2,4,Hawaii,Transit stations,False,2020-02-23,2.297,-76%
Hawaii,2,4,Hawaii,Transit stations,False,2020-02-24,4.432,-76%
Hawaii,2,4,Hawaii,Transit stations,False,2020-02-25,0.961,-76%
Hawaii,2,4,Hawaii,Transit stations,False,2020-02-26,-0.876,-76%
Hawaii,2,4,Hawaii,Transit stations,False,2020-02-27,-0.922,-76%
Hawaii,2,4,Hawaii,Transit stations,False,2020-02-28,-0.641,-76%
Hawaii,2,4,Hawaii,Transit stations,False,2020-02-29,-0.801,-76%
Hawaii,2,4,Hawaii,Transit stations,False,2020-03-01,-0.410,-76%
Hawaii,2,4,Hawaii,Transit stations,False,2020-03-02,-1.593,-76%
Hawaii,2,4,Hawaii,Transit stations,False,2020-03-03,-3.297,-76%
Hawaii,2,4,Hawaii,Transit stations,False,2020-03-04,-5.998,-76%
Hawaii,2,4,Hawaii,Transit stations,False,2020-03-05,-4.345,-76%
Hawaii,2,4,Hawaii,Transit stations,False,2020-03-06,-3.011,-76%
Hawaii,2,4,Hawaii,Transit stations,False,2020-03-07,-4.003,-76%
Hawaii,2,4,Hawaii,Transit stations,False,2020-03-08,-2.215,-76%
Hawaii,2,4,Hawaii,Transit stations,False,2020-03-09,-3.117,-76%
Hawaii,2,4,Hawaii,Transit stations,False,2020-03-10,-4.258,-76%
Hawaii,2,4,Hawaii,Transit stations,False,2020-03-11,-5.661,-76%
Hawaii,2,4,Hawaii,Transit stations,False,2020-03-12,-8.822,-76%
Hawaii,2,4,Hawaii,Transit stations,False,2020-03-13,-7.944,-76%
Hawaii,2,4,Hawaii,Transit stations,False,2020-03-14,-9.316,-76%
Hawaii,2,4,Hawaii,Transit stations,False,2020-03-15,-11.403,-76%
Hawaii,2,4,Hawaii,Transit stations,False,2020-03-16,-14.889,-76%
Hawaii,2,4,Hawaii,Transit stations,False,2020-03-17,-22.047,-76%
Hawaii,2,4,Hawaii,Transit stations,False,2020-03-18,-26.887,-76%
Hawaii,2,4,Hawaii,Transit stations,False,2020-03-19,-31.402,-76%
Hawaii,2,4,Hawaii,Transit stations,False,2020-03-20,-33.825,-76%
Hawaii,2,4,Hawaii,Transit stations,False,2020-03-21,-39.884,-76%
Hawaii,2,4,Hawaii,Transit stations,False,2020-03-22,-43.397,-76%
Hawaii,2,4,Hawaii,Transit stations,False,2020-03-23,-43.975,-76%
Hawaii,2,4,Hawaii,Transit stations,False,2020-03-24,-50.206,-76%
Hawaii,2,4,Hawaii,Transit stations,False,2020-03-25,-55.728,-76%
Hawaii,2,4,Hawaii,Transit stations,False,2020-03-26,-65.833,-76%
Hawaii,2,4,Hawaii,Transit stations,False,2020-03-27,-66.047,-76%
Hawaii,2,4,Hawaii,Transit stations,False,2020-03-28,-70.233,-76%
Hawaii,2,4,Hawaii,Transit stations,False,2020-03-29,-71.944,-76%
Hawaii,2,4,Hawaii,Transit stations,False,2020-03-30,-63.781,-76%
Hawaii,2,4,Hawaii,Transit stations,False,2020-03-31,-64.354,-76%
Hawaii,2,4,Hawaii,Transit stations,False,2020-04-01,-66.240,-76%
Hawaii,2,4,Hawaii,Transit stations,False,2020-04-02,-68.730,-76%
Hawaii,2,4,Hawaii,Transit stations,False,2020-04-03,-68.226,-76%
Hawaii,2,4,Hawaii,Transit stations,False,2020-04-04,-73.144,-76%
Hawaii,2,4,Hawaii,Transit stations,False,2020-04-05,-75.718,-76%
Hawaii,2,5,Hawaii,Workplaces,False,2020-02-23,0.989,-46%
Hawaii,2,5,Hawaii,Workplaces,False,2020-02-24,1.804,-46%
Hawaii,2,5,Hawaii,Workplaces,False,2020-02-25,-0.336,-46%
Hawaii,2,5,Hawaii,Workplaces,False,2020-02-26,0.535,-46%
Hawaii,2,5,Hawaii,Workplaces,False,2020-02-27,0.397,-46%
Hawaii,2,5,Hawaii,Workplaces,False,2020-02-28,1.789,-46%
Hawaii,2,5,Hawaii,Workplaces,False,2020-02-29,0.634,-46%
Hawaii,2,5,Hawaii,Workplaces,False,2020-03-01,1.374,-46%
Hawaii,2,5,Hawaii,Workplaces,False,2020-03-02,2.194,-46%
Hawaii,2,5,Hawaii,Workplaces,False,2020-03-03,0.890,-46%
Hawaii,2,5,Hawaii,Workplaces,False,2020-03-04,0.891,-46%
Hawaii,2,5,Hawaii,Workplaces,False,2020-03-05,0.953,-46%
Hawaii,2,5,Hawaii,Workplaces,False,2020-03-06,1.727,-46%
Hawaii,2,5,Hawaii,Workplaces,False,2020-03-07,1.405,-46%
Hawaii,2,5,Hawaii,Workplaces,False,2020-03-08,0.714,-46%
Hawaii,2,5,Hawaii,Workplaces,False,2020-03-09,1.312,-46%
Hawaii,2,5,Hawaii,Workplaces,False,2020-03-10,0.000,-46%
Hawaii,2,5,Hawaii,Workplaces,False,2020-03-11,-0.237,-46%
Hawaii,2,5,Hawaii,Workplaces,False,2020-03-12,-1.310,-46%
Hawaii,2,5,Hawaii,Workplaces,False,2020-03-13,-0.645,-46%
Hawaii,2,5,Hawaii,Workplaces,False,2020-03-14,-3.534,-46%
Hawaii,2,5,Hawaii,Workplaces,False,2020-03-15,-5.330,-46%
Hawaii,2,5,Hawaii,Workplaces,False,2020-03-16,-17.039,-46%
Hawaii,2,5,Hawaii,Workplaces,False,2020-03-17,-22.888,-46%
Hawaii,2,5,Hawaii,Workplaces,False,2020-03-18,-24.906,-46%
Hawaii,2,5,Hawaii,Workplaces,False,2020-03-19,-28.345,-46%
Hawaii,2,5,Hawaii,Workplaces,False,2020-03-20,-31.496,-46%
Hawaii,2,5,Hawaii,Workplaces,False,2020-03-21,-26.823,-46%
Hawaii,2,5,Hawaii,Workplaces,False,2020-03-22,-30.219,-46%
Hawaii,2,5,Hawaii,Workplaces,False,2020-03-23,-34.857,-46%
Hawaii,2,5,Hawaii,Workplaces,False,2020-03-24,-42.235,-46%
Hawaii,2,5,Hawaii,Workplaces,False,2020-03-25,-45.832,-46%
Hawaii,2,5,Hawaii,Workplaces,False,2020-03-26,-53.097,-46%
Hawaii,2,5,Hawaii,Workplaces,False,2020-03-27,-45.933,-46%
Hawaii,2,5,Hawaii,Workplaces,False,2020-03-28,-43.271,-46%
Hawaii,2,5,Hawaii,Workplaces,False,2020-03-29,-45.385,-46%
Hawaii,2,5,Hawaii,Workplaces,False,2020-03-30,-46.627,-46%
Hawaii,2,5,Hawaii,Workplaces,False,2020-03-31,-48.566,-46%
Hawaii,2,5,Hawaii,Workplaces,False,2020-04-01,-48.921,-46%
Hawaii,2,5,Hawaii,Workplaces,False,2020-04-02,-49.404,-46%
Hawaii,2,5,Hawaii,Workplaces,False,2020-04-03,-47.306,-46%
Hawaii,2,5,Hawaii,Workplaces,False,2020-04-04,-45.129,-46%
Hawaii,2,5,Hawaii,Workplaces,False,2020-04-05,-46.429,-46%
Hawaii,2,6,Hawaii,Residential,False,2020-02-23,-0.118,+16%
Hawaii,2,6,Hawaii,Residential,False,2020-02-24,-0.469,+16%
Hawaii,2,6,Hawaii,Residential,False,2020-02-25,0.510,+16%
Hawaii,2,6,Hawaii,Residential,False,2020-02-26,-0.083,+16%
Hawaii,2,6,Hawaii,Residential,False,2020-02-27,-0.175,+16%
Hawaii,2,6,Hawaii,Residential,False,2020-02-28,-0.590,+16%
Hawaii,2,6,Hawaii,Residential,False,2020-02-29,-0.188,+16%
Hawaii,2,6,Hawaii,Residential,False,2020-03-01,1.011,+16%
Hawaii,2,6,Hawaii,Residential,False,2020-03-02,0.025,+16%
Hawaii,2,6,Hawaii,Residential,False,2020-03-03,0.434,+16%
Hawaii,2,6,Hawaii,Residential,False,2020-03-04,0.200,+16%
Hawaii,2,6,Hawaii,Residential,False,2020-03-05,0.192,+16%
Hawaii,2,6,Hawaii,Residential,False,2020-03-06,0.083,+16%
Hawaii,2,6,Hawaii,Residential,False,2020-03-07,-0.168,+16%
Hawaii,2,6,Hawaii,Residential,False,2020-03-08,0.617,+16%
Hawaii,2,6,Hawaii,Residential,False,2020-03-09,0.574,+16%
Hawaii,2,6,Hawaii,Residential,False,2020-03-10,1.008,+16%
Hawaii,2,6,Hawaii,Residential,False,2020-03-11,0.836,+16%
Hawaii,2,6,Hawaii,Residential,False,2020-03-12,1.950,+16%
Hawaii,2,6,Hawaii,Residential,False,2020-03-13,1.670,+16%
Hawaii,2,6,Hawaii,Residential,False,2020-03-14,1.886,+16%
Hawaii,2,6,Hawaii,Residential,False,2020-03-15,3.029,+16%
Hawaii,2,6,Hawaii,Residential,False,2020-03-16,7.035,+16%
Hawaii,2,6,Hawaii,Residential,False,2020-03-17,11.722,+16%
Hawaii,2,6,Hawaii,Residential,False,2020-03-18,11.716,+16%
Hawaii,2,6,Hawaii,Residential,False,2020-03-19,13.626,+16%
Hawaii,2,6,Hawaii,Residential,False,2020-03-20,15.811,+16%
Hawaii,2,6,Hawaii,Residential,False,2020-03-21,12.327,+16%
Hawaii,2,6,Hawaii,Residential,False,2020-03-22,11.423,+16%
Hawaii,2,6,Hawaii,Residential,False,2020-03-23,16.052,+16%
Hawaii,2,6,Hawaii,Residential,False,2020-03-24,20.494,+16%
Hawaii,2,6,Hawaii,Residential,False,2020-03-25,22.388,+16%
Hawaii,2,6,Hawaii,Residential,False,2020-03-26,25.312,+16%
Hawaii,2,6,Hawaii,Residential,False,2020-03-27,25.045,+16%
Hawaii,2,6,Hawaii,Residential,False,2020-03-28,18.284,+16%
Hawaii,2,6,Hawaii,Residential,False,2020-03-29,16.070,+16%
Hawaii,2,6,Hawaii,Residential,False,2020-03-30,20.817,+16%
Hawaii,2,6,Hawaii,Residential,False,2020-03-31,22.987,+16%
Hawaii,2,6,Hawaii,Residential,False,2020-04-01,22.670,+16%
Hawaii,2,6,Hawaii,Residential,False,2020-04-02,23.422,+16%
Hawaii,2,6,Hawaii,Residential,False,2020-04-03,24.230,+16%
Hawaii,2,6,Hawaii,Residential,False,2020-04-04,17.963,+16%
Hawaii,2,6,Hawaii,Residential,False,2020-04-05,15.867,+16%
Hawaii,3,7,Hawaii County,Retail & recreation,False,2020-02-23,1.640,-58%
Hawaii,3,7,Hawaii County,Retail & recreation,False,2020-02-24,0.634,-58%
Hawaii,3,7,Hawaii County,Retail & recreation,False,2020-02-25,0.703,-58%
Hawaii,3,7,Hawaii County,Retail & recreation,False,2020-02-26,1.960,-58%
Hawaii,3,7,Hawaii County,Retail & recreation,False,2020-02-27,2.825,-58%
Hawaii,3,7,Hawaii County,Retail & recreation,False,2020-02-28,4.167,-58%
Hawaii,3,7,Hawaii County,Retail & recreation,False,2020-02-29,2.195,-58%
Hawaii,3,7,Hawaii County,Retail & recreation,False,2020-03-01,1.366,-58%
Hawaii,3,7,Hawaii County,Retail & recreation,False,2020-03-02,2.407,-58%
Hawaii,3,7,Hawaii County,Retail & recreation,False,2020-03-03,0.124,-58%
Hawaii,3,7,Hawaii County,Retail & recreation,False,2020-03-04,-0.408,-58%
Hawaii,3,7,Hawaii County,Retail & recreation,False,2020-03-05,2.374,-58%
Hawaii,3,7,Hawaii County,Retail & recreation,False,2020-03-06,1.690,-58%
Hawaii,3,7,Hawaii County,Retail & recreation,False,2020-03-07,-0.000,-58%
Hawaii,3,7,Hawaii County,Retail & recreation,False,2020-03-08,-2.185,-58%
Hawaii,3,7,Hawaii County,Retail & recreation,False,2020-03-09,-1.942,-58%
Hawaii,3,7,Hawaii County,Retail & recreation,False,2020-03-10,-2.976,-58%
Hawaii,3,7,Hawaii County,Retail & recreation,False,2020-03-11,-1.307,-58%
Hawaii,3,7,Hawaii County,Retail & recreation,False,2020-03-12,-0.368,-58%
Hawaii,3,7,Hawaii County,Retail & recreation,False,2020-03-13,-1.651,-58%
Hawaii,3,7,Hawaii County,Retail & recreation,False,2020-03-14,-8.048,-58%
Hawaii,3,7,Hawaii County,Retail & recreation,False,2020-03-15,-5.692,-58%
Hawaii,3,7,Hawaii County,Retail & recreation,False,2020-03-16,-4.476,-58%
Hawaii,3,7,Hawaii County,Retail & recreation,False,2020-03-17,-12.443,-58%
Hawaii,3,7,Hawaii County,Retail & recreation,False,2020-03-18,-19.150,-58%
Hawaii,3,7,Hawaii County,Retail & recreation,False,2020-03-19,-23.905,-58%
Hawaii,3,7,Hawaii County,Retail & recreation,False,2020-03-20,-27.927,-58%
Hawaii,3,7,Hawaii County,Retail & recreation,False,2020-03-21,-39.738,-58%
Hawaii,3,7,Hawaii County,Retail & recreation,False,2020-03-22,-42.896,-58%
Hawaii,3,7,Hawaii County,Retail & recreation,False,2020-03-23,-38.091,-58%
Hawaii,3,7,Hawaii County,Retail & recreation,False,2020-03-24,-36.089,-58%
Hawaii,3,7,Hawaii County,Retail & recreation,False,2020-03-25,-53.450,-58%
Hawaii,3,7,Hawaii County,Retail & recreation,False,2020-03-26,-55.832,-58%
Hawaii,3,7,Hawaii County,Retail & recreation,False,2020-03-27,-53.415,-58%
Hawaii,3,7,Hawaii County,Retail & recreation,False,2020-03-28,-59.376,-58%
Hawaii,3,7,Hawaii County,Retail & recreation,False,2020-03-29,-60.792,-58%
Hawaii,3,7,Hawaii County,Retail & recreation,False,2020-03-30,-49.577,-58%
Hawaii,3,7,Hawaii County,Retail & recreation,False,2020-03-31,-51.591,-58%
Hawaii,3,7,Hawaii County,Retail & recreation,False,2020-04-01,-49.285,-58%
Hawaii,3,7,Hawaii County,Retail & recreation,False,2020-04-02,-52.435,-58%
Hawaii,3,7,Hawaii County,Retail & recreation,False,2020-04-03,-48.047,-58%
Hawaii,3,7,Hawaii County,Retail & recreation,False,2020-04-04,-56.758,-58%
Hawaii,3,7,Hawaii County,Retail & recreation,False,2020-04-05,-57.604,-58%
Hawaii,3,8,Hawaii County,Grocery & pharmacy,False,2020-02-23,-3.693,-33%
Hawaii,3,8,Hawaii County,Grocery & pharmacy,False,2020-02-24,-0.896,-33%
Hawaii,3,8,Hawaii County,Grocery & pharmacy,False,2020-02-25,-3.111,-33%
Hawaii,3,8,Hawaii County,Grocery & pharmacy,False,2020-02-26,1.051,-33%
Hawaii,3,8,Hawaii County,Grocery & pharmacy,False,2020-02-27,0.986,-33%
Hawaii,3,8,Hawaii County,Grocery & pharmacy,False,2020-02-28,-1.684,-33%
Hawaii,3,8,Hawaii County,Grocery & pharmacy,False,2020-02-29,-0.000,-33%
Hawaii,3,8,Hawaii County,Grocery & pharmacy,False,2020-03-01,-7.797,-33%
Hawaii,3,8,Hawaii County,Grocery & pharmacy,False,2020-03-02,-2.238,-33%
Hawaii,3,8,Hawaii County,Grocery & pharmacy,False,2020-03-03,-3.394,-33%
Hawaii,3,8,Hawaii County,Grocery & pharmacy,False,2020-03-04,1.577,-33%
Hawaii,3,8,Hawaii County,Grocery & pharmacy,False,2020-03-05,7.043,-33%
Hawaii,3,8,Hawaii County,Grocery & pharmacy,False,2020-03-06,5.440,-33%
Hawaii,3,8,Hawaii County,Grocery & pharmacy,False,2020-03-07,2.408,-33%
Hawaii,3,8,Hawaii County,Grocery & pharmacy,False,2020-03-08,-3.830,-33%
Hawaii,3,8,Hawaii County,Grocery & pharmacy,False,2020-03-09,1.642,-33%
Hawaii,3,8,Hawaii County,Grocery & pharmacy,False,2020-03-10,-1.697,-33%
Hawaii,3,8,Hawaii County,Grocery & pharmacy,False,2020-03-11,2.103,-33%
Hawaii,3,8,Hawaii County,Grocery & pharmacy,False,2020-03-12,3.381,-33%
Hawaii,3,8,Hawaii County,Grocery & pharmacy,False,2020-03-13,7.643,-33%
Hawaii,3,8,Hawaii County,Grocery & pharmacy,False,2020-03-14,-0.380,-33%
Hawaii,3,8,Hawaii County,Grocery & pharmacy,False,2020-03-15,-6.019,-33%
Hawaii,3,8,Hawaii County,Grocery & pharmacy,False,2020-03-16,5.970,-33%
Hawaii,3,8,Hawaii County,Grocery & pharmacy,False,2020-03-17,-0.707,-33%
Hawaii,3,8,Hawaii County,Grocery & pharmacy,False,2020-03-18,-5.125,-33%
Hawaii,3,8,Hawaii County,Grocery & pharmacy,False,2020-03-19,-5.070,-33%
Hawaii,3,8,Hawaii County,Grocery & pharmacy,False,2020-03-20,-2.591,-33%
Hawaii,3,8,Hawaii County,Grocery & pharmacy,False,2020-03-21,-19.771,-33%
Hawaii,3,8,Hawaii County,Grocery & pharmacy,False,2020-03-22,-26.539,-33%
Hawaii,3,8,Hawaii County,Grocery & pharmacy,False,2020-03-23,-13.731,-33%
Hawaii,3,8,Hawaii County,Grocery & pharmacy,False,2020-03-24,-10.183,-33%
Hawaii,3,8,Hawaii County,Grocery & pharmacy,False,2020-03-25,-34.428,-33%
Hawaii,3,8,Hawaii County,Grocery & pharmacy,False,2020-03-26,-36.901,-33%
Hawaii,3,8,Hawaii County,Grocery & pharmacy,False,2020-03-27,-32.772,-33%
Hawaii,3,8,Hawaii County,Grocery & pharmacy,False,2020-03-28,-38.529,-33%
Hawaii,3,8,Hawaii County,Grocery & pharmacy,False,2020-03-29,-46.922,-33%
Hawaii,3,8,Hawaii County,Grocery & pharmacy,False,2020-03-30,-27.612,-33%
Hawaii,3,8,Hawaii County,Grocery & pharmacy,False,2020-03-31,-34.653,-33%
Hawaii,3,8,Hawaii County,Grocery & pharmacy,False,2020-04-01,-33.508,-33%
Hawaii,3,8,Hawaii County,Grocery & pharmacy,False,2020-04-02,-31.127,-33%
Hawaii,3,8,Hawaii County,Grocery & pharmacy,False,2020-04-03,-20.207,-33%
Hawaii,3,8,Hawaii County,Grocery & pharmacy,False,2020-04-04,-34.347,-33%
Hawaii,3,8,Hawaii County,Grocery & pharmacy,False,2020-04-05,-32.968,-33%
Hawaii,3,9,Hawaii County,Parks,False,2020-02-23,12.839,-79%
Hawaii,3,9,Hawaii County,Parks,False,2020-02-24,10.789,-79%
Hawaii,3,9,Hawaii County,Parks,False,2020-02-25,14.911,-79%
Hawaii,3,9,Hawaii County,Parks,False,2020-02-26,5.379,-79%
Hawaii,3,9,Hawaii County,Parks,False,2020-02-27,16.782,-79%
Hawaii,3,9,Hawaii County,Parks,False,2020-02-28,0.201,-79%
Hawaii,3,9,Hawaii County,Parks,False,2020-02-29,2.962,-79%
Hawaii,3,9,Hawaii County,Parks,False,2020-03-01,-7.776,-79%
Hawaii,3,9,Hawaii County,Parks,False,2020-03-02,6.432,-79%
Hawaii,3,9,Hawaii County,Parks,False,2020-03-03,-14.513,-79%
Hawaii,3,9,Hawaii County,Parks,False,2020-03-04,-0.199,-79%
Hawaii,3,9,Hawaii County,Parks,False,2020-03-05,11.495,-79%
Hawaii,3,9,Hawaii County,Parks,False,2020-03-06,-6.224,-79%
Hawaii,3,9,Hawaii County,Parks,False,2020-03-07,-6.097,-79%
Hawaii,3,9,Hawaii County,Parks,False,2020-03-08,-6.328,-79%
Hawaii,3,9,Hawaii County,Parks,False,2020-03-09,-6.846,-79%
Hawaii,3,9,Hawaii County,Parks,False,2020-03-10,1.790,-79%
Hawaii,3,9,Hawaii County,Parks,False,2020-03-11,1.395,-79%
Hawaii,3,9,Hawaii County,Parks,False,2020-03-12,11.954,-79%
Hawaii,3,9,Hawaii County,Parks,False,2020-03-13,-6.827,-79%
Hawaii,3,9,Hawaii County,Parks,False,2020-03-14,-15.505,-79%
Hawaii,3,9,Hawaii County,Parks,False,2020-03-15,-5.063,-79%
Hawaii,3,9,Hawaii County,Parks,False,2020-03-16,-9.336,-79%
Hawaii,3,9,Hawaii County,Parks,False,2020-03-17,-23.061,-79%
Hawaii,3,9,Hawaii County,Parks,False,2020-03-18,-22.510,-79%
Hawaii,3,9,Hawaii County,Parks,False,2020-03-19,-13.333,-79%
Hawaii,3,9,Hawaii County,Parks,False,2020-03-20,-27.108,-79%
Hawaii,3,9,Hawaii County,Parks,False,2020-03-21,-53.832,-79%
Hawaii,3,9,Hawaii County,Parks,False,2020-03-22,-57.504,-79%
Hawaii,3,9,Hawaii County,Parks,False,2020-03-23,-65.975,-79%
Hawaii,3,9,Hawaii County,Parks,False,2020-03-24,-58.250,-79%
Hawaii,3,9,Hawaii County,Parks,False,2020-03-25,-78.287,-79%
Hawaii,3,9,Hawaii County,Parks,False,2020-03-26,-75.402,-79%
Hawaii,3,9,Hawaii County,Parks,False,2020-03-27,-75.301,-79%
Hawaii,3,9,Hawaii County,Parks,False,2020-03-28,-71.080,-79%
Hawaii,3,9,Hawaii County,Parks,False,2020-03-29,-77.034,-79%
Hawaii,3,9,Hawaii County,Parks,False,2020-03-30,-75.310,-79%
Hawaii,3,9,Hawaii County,Parks,False,2020-03-31,-77.733,-79%
Hawaii,3,9,Hawaii County,Parks,False,2020-04-01,-69.323,-79%
Hawaii,3,9,Hawaii County,Parks,False,2020-04-02,-65.746,-79%
Hawaii,3,9,Hawaii County,Parks,False,2020-04-03,-70.080,-79%
Hawaii,3,9,Hawaii County,Parks,False,2020-04-04,-73.170,-79%
Hawaii,3,9,Hawaii County,Parks,False,2020-04-05,-79.023,-79%
Hawaii,3,10,Hawaii County,Transit stations,False,2020-02-23,5.576,-88%
Hawaii,3,10,Hawaii County,Transit stations,False,2020-02-24,2.525,-88%
Hawaii,3,10,Hawaii County,Transit stations,False,2020-02-25,4.155,-88%
Hawaii,3,10,Hawaii County,Transit stations,False,2020-02-26,3.136,-88%
Hawaii,3,10,Hawaii County,Transit stations,False,2020-02-27,4.659,-88%
Hawaii,3,10,Hawaii County,Transit stations,False,2020-02-28,2.042,-88%
Hawaii,3,10,Hawaii County,Transit stations,False,2020-02-29,5.976,-88%
Hawaii,3,10,Hawaii County,Transit stations,False,2020-03-01,1.046,-88%
Hawaii,3,10,Hawaii County,Transit stations,False,2020-03-02,4.733,-88%
Hawaii,3,10,Hawaii County,Transit stations,False,2020-03-03,-4.472,-88%
Hawaii,3,10,Hawaii County,Transit stations,False,2020-03-04,-4.075,-88%
Hawaii,3,10,Hawaii County,Transit stations,False,2020-03-05,-1.862,-88%
Hawaii,3,10,Hawaii County,Transit stations,False,2020-03-06,0.001,-88%
Hawaii,3,10,Hawaii County,Transit stations,False,2020-03-07,-5.974,-88%
Hawaii,3,10,Hawaii County,Transit stations,False,2020-03-08,-5.574,-88%
Hawaii,3,10,Hawaii County,Transit stations,False,2020-03-09,-0.314,-88%
Hawaii,3,10,Hawaii County,Transit stations,False,2020-03-10,-0.318,-88%
Hawaii,3,10,Hawaii County,Transit stations,False,2020-03-11,-1.880,-88%
Hawaii,3,10,Hawaii County,Transit stations,False,2020-03-12,-6.210,-88%
Hawaii,3,10,Hawaii County,Transit stations,False,2020-03-13,-0.582,-88%
Hawaii,3,10,Hawaii County,Transit stations,False,2020-03-14,1.259,-88%
Hawaii,3,10,Hawaii County,Transit stations,False,2020-03-15,-7.665,-88%
Hawaii,3,10,Hawaii County,Transit stations,False,2020-03-16,1.263,-88%
Hawaii,3,10,Hawaii County,Transit stations,False,2020-03-17,-10.223,-88%
Hawaii,3,10,Hawaii County,Transit stations,False,2020-03-18,-19.121,-88%
Hawaii,3,10,Hawaii County,Transit stations,False,2020-03-19,-26.707,-88%
Hawaii,3,10,Hawaii County,Transit stations,False,2020-03-20,-35.276,-88%
Hawaii,3,10,Hawaii County,Transit stations,False,2020-03-21,-45.282,-88%
Hawaii,3,10,Hawaii County,Transit stations,False,2020-03-22,-49.825,-88%
Hawaii,3,10,Hawaii County,Transit stations,False,2020-03-23,-48.580,-88%
Hawaii,3,10,Hawaii County,Transit stations,False,2020-03-24,-53.035,-88%
Hawaii,3,10,Hawaii County,Transit stations,False,2020-03-25,-61.755,-88%
Hawaii,3,10,Hawaii County,Transit stations,False,2020-03-26,-73.291,-88%
Hawaii,3,10,Hawaii County,Transit stations,False,2020-03-27,-73.760,-88%
Hawaii,3,10,Hawaii County,Transit stations,False,2020-03-28,-80.817,-88%
Hawaii,3,10,Hawaii County,Transit stations,False,2020-03-29,-83.971,-88%
Hawaii,3,10,Hawaii County,Transit stations,False,2020-03-30,-74.132,-88%
Hawaii,3,10,Hawaii County,Transit stations,False,2020-03-31,-72.523,-88%
Hawaii,3,10,Hawaii County,Transit stations,False,2020-04-01,-78.056,-88%
Hawaii,3,10,Hawaii County,Transit stations,False,2020-04-02,-81.055,-88%
Hawaii,3,10,Hawaii County,Transit stations,False,2020-04-03,-79.008,-88%
Hawaii,3,10,Hawaii County,Transit stations,False,2020-04-04,-87.106,-88%
Hawaii,3,10,Hawaii County,Transit stations,False,2020-04-05,-87.804,-88%
Hawaii,3,11,Hawaii County,Workplace,False,2020-02-23,-0.215,-43%
Hawaii,3,11,Hawaii County,Workplace,False,2020-02-24,0.754,-43%
Hawaii,3,11,Hawaii County,Workplace,False,2020-02-25,-0.728,-43%
Hawaii,3,11,Hawaii County,Workplace,False,2020-02-26,0.090,-43%
Hawaii,3,11,Hawaii County,Workplace,False,2020-02-27,0.544,-43%
Hawaii,3,11,Hawaii County,Workplace,False,2020-02-28,1.326,-43%
Hawaii,3,11,Hawaii County,Workplace,False,2020-02-29,1.084,-43%
Hawaii,3,11,Hawaii County,Workplace,False,2020-03-01,-0.856,-43%
Hawaii,3,11,Hawaii County,Workplace,False,2020-03-02,1.982,-43%
Hawaii,3,11,Hawaii County,Workplace,False,2020-03-03,-0.183,-43%
Hawaii,3,11,Hawaii County,Workplace,False,2020-03-04,-0.092,-43%
Hawaii,3,11,Hawaii County,Workplace,False,2020-03-05,1.178,-43%
Hawaii,3,11,Hawaii County,Workplace,False,2020-03-06,1.421,-43%
Hawaii,3,11,Hawaii County,Workplace,False,2020-03-07,-0.544,-43%
Hawaii,3,11,Hawaii County,Workplace,False,2020-03-08,1.281,-43%
Hawaii,3,11,Hawaii County,Workplace,False,2020-03-09,0.377,-43%
Hawaii,3,11,Hawaii County,Workplace,False,2020-03-10,0.090,-43%
Hawaii,3,11,Hawaii County,Workplace,False,2020-03-11,0.090,-43%
Hawaii,3,11,Hawaii County,Workplace,False,2020-03-12,-2.633,-43%
Hawaii,3,11,Hawaii County,Workplace,False,2020-03-13,-2.560,-43%
Hawaii,3,11,Hawaii County,Workplace,False,2020-03-14,-4.883,-43%
Hawaii,3,11,Hawaii County,Workplace,False,2020-03-15,-4.275,-43%
Hawaii,3,11,Hawaii County,Workplace,False,2020-03-16,-17.187,-43%
Hawaii,3,11,Hawaii County,Workplace,False,2020-03-17,-20.638,-43%
Hawaii,3,11,Hawaii County,Workplace,False,2020-03-18,-23.429,-43%
Hawaii,3,11,Hawaii County,Workplace,False,2020-03-19,-27.588,-43%
Hawaii,3,11,Hawaii County,Workplace,False,2020-03-20,-27.015,-43%
Hawaii,3,11,Hawaii County,Workplace,False,2020-03-21,-21.701,-43%
Hawaii,3,11,Hawaii County,Workplace,False,2020-03-22,-24.146,-43%
Hawaii,3,11,Hawaii County,Workplace,False,2020-03-23,-32.768,-43%
Hawaii,3,11,Hawaii County,Workplace,False,2020-03-24,-34.274,-43%
Hawaii,3,11,Hawaii County,Workplace,False,2020-03-25,-42.207,-43%
Hawaii,3,11,Hawaii County,Workplace,False,2020-03-26,-49.547,-43%
Hawaii,3,11,Hawaii County,Workplace,False,2020-03-27,-42.371,-43%
Hawaii,3,11,Hawaii County,Workplace,False,2020-03-28,-38.699,-43%
Hawaii,3,11,Hawaii County,Workplace,False,2020-03-29,-40.813,-43%
Hawaii,3,11,Hawaii County,Workplace,False,2020-03-30,-43.250,-43%
Hawaii,3,11,Hawaii County,Workplace,False,2020-03-31,-44.455,-43%
Hawaii,3,11,Hawaii County,Workplace,False,2020-04-01,-43.757,-43%
Hawaii,3,11,Hawaii County,Workplace,False,2020-04-02,-45.373,-43%
Hawaii,3,11,Hawaii County,Workplace,False,2020-04-03,-42.655,-43%
Hawaii,3,11,Hawaii County,Workplace,False,2020-04-04,-40.146,-43%
Hawaii,3,11,Hawaii County,Workplace,False,2020-04-05,-42.523,-43%
Hawaii,3,12,Hawaii County,Residential,False,2020-02-23,-0.578,+14%
Hawaii,3,12,Hawaii County,Residential,False,2020-02-24,0.226,+14%
Hawaii,3,12,Hawaii County,Residential,False,2020-02-25,0.300,+14%
Hawaii,3,12,Hawaii County,Residential,False,2020-02-26,0.120,+14%
Hawaii,3,12,Hawaii County,Residential,False,2020-02-27,-0.879,+14%
Hawaii,3,12,Hawaii County,Residential,False,2020-02-28,0.234,+14%
Hawaii,3,12,Hawaii County,Residential,False,2020-02-29,0.518,+14%
Hawaii,3,12,Hawaii County,Residential,False,2020-03-01,0.873,+14%
Hawaii,3,12,Hawaii County,Residential,False,2020-03-02,0.152,+14%
Hawaii,3,12,Hawaii County,Residential,False,2020-03-03,2.229,+14%
Hawaii,3,12,Hawaii County,Residential,False,2020-03-04,0.670,+14%
Hawaii,3,12,Hawaii County,Residential,False,2020-03-05,-1.047,+14%
Hawaii,3,12,Hawaii County,Residential,False,2020-03-06,0.602,+14%
Hawaii,3,12,Hawaii County,Residential,False,2020-03-07,0.601,+14%
Hawaii,3,12,Hawaii County,Residential,False,2020-03-08,0.054,+14%
Hawaii,3,12,Hawaii County,Residential,False,2020-03-09,0.815,+14%
Hawaii,3,12,Hawaii County,Residential,False,2020-03-10,1.077,+14%
Hawaii,3,12,Hawaii County,Residential,False,2020-03-11,0.551,+14%
Hawaii,3,12,Hawaii County,Residential,False,2020-03-12,0.648,+14%
Hawaii,3,12,Hawaii County,Residential,False,2020-03-13,1.866,+14%
Hawaii,3,12,Hawaii County,Residential,False,2020-03-14,3.508,+14%
Hawaii,3,12,Hawaii County,Residential,False,2020-03-15,1.886,+14%
Hawaii,3,12,Hawaii County,Residential,False,2020-03-16,4.474,+14%
Hawaii,3,12,Hawaii County,Residential,False,2020-03-17,7.418,+14%
Hawaii,3,12,Hawaii County,Residential,False,2020-03-18,8.712,+14%
Hawaii,3,12,Hawaii County,Residential,False,2020-03-19,9.277,+14%
Hawaii,3,12,Hawaii County,Residential,False,2020-03-20,11.817,+14%
Hawaii,3,12,Hawaii County,Residential,False,2020-03-21,10.838,+14%
Hawaii,3,12,Hawaii County,Residential,False,2020-03-22,9.045,+14%
Hawaii,3,12,Hawaii County,Residential,False,2020-03-23,12.922,+14%
Hawaii,3,12,Hawaii County,Residential,False,2020-03-24,12.855,+14%
Hawaii,3,12,Hawaii County,Residential,False,2020-03-25,18.191,+14%
Hawaii,3,12,Hawaii County,Residential,False,2020-03-26,19.631,+14%
Hawaii,3,12,Hawaii County,Residential,False,2020-03-27,19.853,+14%
Hawaii,3,12,Hawaii County,Residential,False,2020-03-28,16.249,+14%
Hawaii,3,12,Hawaii County,Residential,False,2020-03-29,14.689,+14%
Hawaii,3,12,Hawaii County,Residential,False,2020-03-30,16.792,+14%
Hawaii,3,12,Hawaii County,Residential,False,2020-03-31,18.271,+14%
Hawaii,3,12,Hawaii County,Residential,False,2020-04-01,17.438,+14%
Hawaii,3,12,Hawaii County,Residential,False,2020-04-02,17.038,+14%
Hawaii,3,12,Hawaii County,Residential,False,2020-04-03,18.272,+14%
Hawaii,3,12,Hawaii County,Residential,False,2020-04-04,16.056,+14%
Hawaii,3,12,Hawaii County,Residential,False,2020-04-05,13.578,+14%
Hawaii,3,13,Honolulu County,Retail & recreation,False,2020-02-23,1.673,-52%
Hawaii,3,13,Honolulu County,Retail & recreation,False,2020-02-24,-0.024,-52%
Hawaii,3,13,Honolulu County,Retail & recreation,False,2020-02-25,1.463,-52%
Hawaii,3,13,Honolulu County,Retail & recreation,False,2020-02-26,0.924,-52%
Hawaii,3,13,Honolulu County,Retail & recreation,False,2020-02-27,3.087,-52%
Hawaii,3,13,Honolulu County,Retail & recreation,False,2020-02-28,1.734,-52%
Hawaii,3,13,Honolulu County,Retail & recreation,False,2020-02-29,0.629,-52%
Hawaii,3,13,Honolulu County,Retail & recreation,False,2020-03-01,1.471,-52%
Hawaii,3,13,Honolulu County,Retail & recreation,False,2020-03-02,-0.463,-52%
Hawaii,3,13,Honolulu County,Retail & recreation,False,2020-03-03,1.716,-52%
Hawaii,3,13,Honolulu County,Retail & recreation,False,2020-03-04,-1.608,-52%
Hawaii,3,13,Honolulu County,Retail & recreation,False,2020-03-05,0.287,-52%
Hawaii,3,13,Honolulu County,Retail & recreation,False,2020-03-06,-2.445,-52%
Hawaii,3,13,Honolulu County,Retail & recreation,False,2020-03-07,-0.732,-52%
Hawaii,3,13,Honolulu County,Retail & recreation,False,2020-03-08,-1.247,-52%
Hawaii,3,13,Honolulu County,Retail & recreation,False,2020-03-09,-2.840,-52%
Hawaii,3,13,Honolulu County,Retail & recreation,False,2020-03-10,-2.091,-52%
Hawaii,3,13,Honolulu County,Retail & recreation,False,2020-03-11,-2.527,-52%
Hawaii,3,13,Honolulu County,Retail & recreation,False,2020-03-12,-2.400,-52%
Hawaii,3,13,Honolulu County,Retail & recreation,False,2020-03-13,-3.866,-52%
Hawaii,3,13,Honolulu County,Retail & recreation,False,2020-03-14,-5.647,-52%
Hawaii,3,13,Honolulu County,Retail & recreation,False,2020-03-15,-8.046,-52%
Hawaii,3,13,Honolulu County,Retail & recreation,False,2020-03-16,-10.810,-52%
Hawaii,3,13,Honolulu County,Retail & recreation,False,2020-03-17,-17.934,-52%
Hawaii,3,13,Honolulu County,Retail & recreation,False,2020-03-18,-19.934,-52%
Hawaii,3,13,Honolulu County,Retail & recreation,False,2020-03-19,-21.100,-52%
Hawaii,3,13,Honolulu County,Retail & recreation,False,2020-03-20,-28.868,-52%
Hawaii,3,13,Honolulu County,Retail & recreation,False,2020-03-21,-38.391,-52%
Hawaii,3,13,Honolulu County,Retail & recreation,False,2020-03-22,-39.481,-52%
Hawaii,3,13,Honolulu County,Retail & recreation,False,2020-03-23,-35.403,-52%
Hawaii,3,13,Honolulu County,Retail & recreation,False,2020-03-24,-45.547,-52%
Hawaii,3,13,Honolulu County,Retail & recreation,False,2020-03-25,-47.364,-52%
Hawaii,3,13,Honolulu County,Retail & recreation,False,2020-03-26,-47.375,-52%
Hawaii,3,13,Honolulu County,Retail & recreation,False,2020-03-27,-49.292,-52%
Hawaii,3,13,Honolulu County,Retail & recreation,False,2020-03-28,-52.987,-52%
Hawaii,3,13,Honolulu County,Retail & recreation,False,2020-03-29,-53.238,-52%
Hawaii,3,13,Honolulu County,Retail & recreation,False,2020-03-30,-46.343,-52%
Hawaii,3,13,Honolulu County,Retail & recreation,False,2020-03-31,-44.480,-52%
Hawaii,3,13,Honolulu County,Retail & recreation,False,2020-04-01,-45.461,-52%
Hawaii,3,13,Honolulu County,Retail & recreation,False,2020-04-02,-46.155,-52%
Hawaii,3,13,Honolulu County,Retail & recreation,False,2020-04-03,-46.640,-52%
Hawaii,3,13,Honolulu County,Retail & recreation,False,2020-04-04,-52.232,-52%
Hawaii,3,13,Honolulu County,Retail & recreation,False,2020-04-05,-51.848,-52%
Hawaii,3,14,Honolulu County,Grocery & pharmacy,False,2020-02-23,0.746,-22%
Hawaii,3,14,Honolulu County,Grocery & pharmacy,False,2020-02-24,0.644,-22%
Hawaii,3,14,Honolulu County,Grocery & pharmacy,False,2020-02-25,-0.284,-22%
Hawaii,3,14,Honolulu County,Grocery & pharmacy,False,2020-02-26,2.795,-22%
Hawaii,3,14,Honolulu County,Grocery & pharmacy,False,2020-02-27,3.675,-22%
Hawaii,3,14,Honolulu County,Grocery & pharmacy,False,2020-02-28,2.634,-22%
Hawaii,3,14,Honolulu County,Grocery & pharmacy,False,2020-02-29,2.730,-22%
Hawaii,3,14,Honolulu County,Grocery & pharmacy,False,2020-03-01,5.141,-22%
Hawaii,3,14,Honolulu County,Grocery & pharmacy,False,2020-03-02,3.016,-22%
Hawaii,3,14,Honolulu County,Grocery & pharmacy,False,2020-03-03,6.809,-22%
Hawaii,3,14,Honolulu County,Grocery & pharmacy,False,2020-03-04,2.319,-22%
Hawaii,3,14,Honolulu County,Grocery & pharmacy,False,2020-03-05,5.293,-22%
Hawaii,3,14,Honolulu County,Grocery & pharmacy,False,2020-03-06,-0.402,-22%
Hawaii,3,14,Honolulu County,Grocery & pharmacy,False,2020-03-07,3.598,-22%
Hawaii,3,14,Honolulu County,Grocery & pharmacy,False,2020-03-08,3.137,-22%
Hawaii,3,14,Honolulu County,Grocery & pharmacy,False,2020-03-09,2.407,-22%
Hawaii,3,14,Honolulu County,Grocery & pharmacy,False,2020-03-10,-0.443,-22%
Hawaii,3,14,Honolulu County,Grocery & pharmacy,False,2020-03-11,1.399,-22%
Hawaii,3,14,Honolulu County,Grocery & pharmacy,False,2020-03-12,5.013,-22%
Hawaii,3,14,Honolulu County,Grocery & pharmacy,False,2020-03-13,10.584,-22%
Hawaii,3,14,Honolulu County,Grocery & pharmacy,False,2020-03-14,10.101,-22%
Hawaii,3,14,Honolulu County,Grocery & pharmacy,False,2020-03-15,7.372,-22%
Hawaii,3,14,Honolulu County,Grocery & pharmacy,False,2020-03-16,9.557,-22%
Hawaii,3,14,Honolulu County,Grocery & pharmacy,False,2020-03-17,1.752,-22%
Hawaii,3,14,Honolulu County,Grocery & pharmacy,False,2020-03-18,1.938,-22%
Hawaii,3,14,Honolulu County,Grocery & pharmacy,False,2020-03-19,-1.834,-22%
Hawaii,3,14,Honolulu County,Grocery & pharmacy,False,2020-03-20,-4.970,-22%
Hawaii,3,14,Honolulu County,Grocery & pharmacy,False,2020-03-21,-10.396,-22%
Hawaii,3,14,Honolulu County,Grocery & pharmacy,False,2020-03-22,-10.728,-22%
Hawaii,3,14,Honolulu County,Grocery & pharmacy,False,2020-03-23,-11.668,-22%
Hawaii,3,14,Honolulu County,Grocery & pharmacy,False,2020-03-24,-24.711,-22%
Hawaii,3,14,Honolulu County,Grocery & pharmacy,False,2020-03-25,-28.084,-22%
Hawaii,3,14,Honolulu County,Grocery & pharmacy,False,2020-03-26,-30.530,-22%
Hawaii,3,14,Honolulu County,Grocery & pharmacy,False,2020-03-27,-29.602,-22%
Hawaii,3,14,Honolulu County,Grocery & pharmacy,False,2020-03-28,-31.702,-22%
Hawaii,3,14,Honolulu County,Grocery & pharmacy,False,2020-03-29,-32.124,-22%
Hawaii,3,14,Honolulu County,Grocery & pharmacy,False,2020-03-30,-29.526,-22%
Hawaii,3,14,Honolulu County,Grocery & pharmacy,False,2020-03-31,-28.051,-22%
Hawaii,3,14,Honolulu County,Grocery & pharmacy,False,2020-04-01,-27.386,-22%
Hawaii,3,14,Honolulu County,Grocery & pharmacy,False,2020-04-02,-25.550,-22%
Hawaii,3,14,Honolulu County,Grocery & pharmacy,False,2020-04-03,-20.292,-22%
Hawaii,3,14,Honolulu County,Grocery & pharmacy,False,2020-04-04,-24.301,-22%
Hawaii,3,14,Honolulu County,Grocery & pharmacy,False,2020-04-05,-22.008,-22%
Hawaii,3,15,Honolulu County,Parks,False,2020-02-23,19.570,-61%
Hawaii,3,15,Honolulu County,Parks,False,2020-02-24,4.430,-61%
Hawaii,3,15,Honolulu County,Parks,False,2020-02-25,2.745,-61%
Hawaii,3,15,Honolulu County,Parks,False,2020-02-26,7.449,-61%
Hawaii,3,15,Honolulu County,Parks,False,2020-02-27,0.134,-61%
Hawaii,3,15,Honolulu County,Parks,False,2020-02-28,-5.012,-61%
Hawaii,3,15,Honolulu County,Parks,False,2020-02-29,-0.203,-61%
Hawaii,3,15,Honolulu County,Parks,False,2020-03-01,-2.314,-61%
Hawaii,3,15,Honolulu County,Parks,False,2020-03-02,-11.317,-61%
Hawaii,3,15,Honolulu County,Parks,False,2020-03-03,0.557,-61%
Hawaii,3,15,Honolulu County,Parks,False,2020-03-04,6.420,-61%
Hawaii,3,15,Honolulu County,Parks,False,2020-03-05,-6.710,-61%
Hawaii,3,15,Honolulu County,Parks,False,2020-03-06,-14.991,-61%
Hawaii,3,15,Honolulu County,Parks,False,2020-03-07,4.182,-61%
Hawaii,3,15,Honolulu County,Parks,False,2020-03-08,7.878,-61%
Hawaii,3,15,Honolulu County,Parks,False,2020-03-09,-8.912,-61%
Hawaii,3,15,Honolulu County,Parks,False,2020-03-10,-0.607,-61%
Hawaii,3,15,Honolulu County,Parks,False,2020-03-11,3.233,-61%
Hawaii,3,15,Honolulu County,Parks,False,2020-03-12,-18.507,-61%
Hawaii,3,15,Honolulu County,Parks,False,2020-03-13,-11.484,-61%
Hawaii,3,15,Honolulu County,Parks,False,2020-03-14,2.653,-61%
Hawaii,3,15,Honolulu County,Parks,False,2020-03-15,-5.698,-61%
Hawaii,3,15,Honolulu County,Parks,False,2020-03-16,-39.888,-61%
Hawaii,3,15,Honolulu County,Parks,False,2020-03-17,-48.140,-61%
Hawaii,3,15,Honolulu County,Parks,False,2020-03-18,-23.580,-61%
Hawaii,3,15,Honolulu County,Parks,False,2020-03-19,-33.770,-61%
Hawaii,3,15,Honolulu County,Parks,False,2020-03-20,-30.774,-61%
Hawaii,3,15,Honolulu County,Parks,False,2020-03-21,-35.279,-61%
Hawaii,3,15,Honolulu County,Parks,False,2020-03-22,-36.704,-61%
Hawaii,3,15,Honolulu County,Parks,False,2020-03-23,-54.646,-61%
Hawaii,3,15,Honolulu County,Parks,False,2020-03-24,-61.268,-61%
Hawaii,3,15,Honolulu County,Parks,False,2020-03-25,-59.266,-61%
Hawaii,3,15,Honolulu County,Parks,False,2020-03-26,-64.252,-61%
Hawaii,3,15,Honolulu County,Parks,False,2020-03-27,-66.515,-61%
Hawaii,3,15,Honolulu County,Parks,False,2020-03-28,-61.828,-61%
Hawaii,3,15,Honolulu County,Parks,False,2020-03-29,-57.775,-61%
Hawaii,3,15,Honolulu County,Parks,False,2020-03-30,-61.718,-61%
Hawaii,3,15,Honolulu County,Parks,False,2020-03-31,-62.664,-61%
Hawaii,3,15,Honolulu County,Parks,False,2020-04-01,-54.413,-61%
Hawaii,3,15,Honolulu County,Parks,False,2020-04-02,-58.939,-61%
Hawaii,3,15,Honolulu County,Parks,False,2020-04-03,-61.087,-61%
Hawaii,3,15,Honolulu County,Parks,False,2020-04-04,-59.374,-61%
Hawaii,3,15,Honolulu County,Parks,False,2020-04-05,-60.944,-61%
Hawaii,3,16,Honolulu County,Transit stations,False,2020-02-23,1.928,-73%
Hawaii,3,16,Honolulu County,Transit stations,False,2020-02-24,4.065,-73%
Hawaii,3,16,Honolulu County,Transit stations,False,2020-02-25,-0.723,-73%
Hawaii,3,16,Honolulu County,Transit stations,False,2020-02-26,-2.097,-73%
Hawaii,3,16,Honolulu County,Transit stations,False,2020-02-27,-2.248,-73%
Hawaii,3,16,Honolulu County,Transit stations,False,2020-02-28,-1.921,-73%
Hawaii,3,16,Honolulu County,Transit stations,False,2020-02-29,-3.451,-73%
Hawaii,3,16,Honolulu County,Transit stations,False,2020-03-01,-2.210,-73%
Hawaii,3,16,Honolulu County,Transit stations,False,2020-03-02,-4.341,-73%
Hawaii,3,16,Honolulu County,Transit stations,False,2020-03-03,-4.701,-73%
Hawaii,3,16,Honolulu County,Transit stations,False,2020-03-04,-7.723,-73%
Hawaii,3,16,Honolulu County,Transit stations,False,2020-03-05,-5.996,-73%
Hawaii,3,16,Honolulu County,Transit stations,False,2020-03-06,-4.613,-73%
Hawaii,3,16,Honolulu County,Transit stations,False,2020-03-07,-5.532,-73%
Hawaii,3,16,Honolulu County,Transit stations,False,2020-03-08,-5.725,-73%
Hawaii,3,16,Honolulu County,Transit stations,False,2020-03-09,-6.004,-73%
Hawaii,3,16,Honolulu County,Transit stations,False,2020-03-10,-7.730,-73%
Hawaii,3,16,Honolulu County,Transit stations,False,2020-03-11,-7.678,-73%
Hawaii,3,16,Honolulu County,Transit stations,False,2020-03-12,-11.728,-73%
Hawaii,3,16,Honolulu County,Transit stations,False,2020-03-13,-11.020,-73%
Hawaii,3,16,Honolulu County,Transit stations,False,2020-03-14,-12.081,-73%
Hawaii,3,16,Honolulu County,Transit stations,False,2020-03-15,-14.852,-73%
Hawaii,3,16,Honolulu County,Transit stations,False,2020-03-16,-19.445,-73%
Hawaii,3,16,Honolulu County,Transit stations,False,2020-03-17,-26.627,-73%
Hawaii,3,16,Honolulu County,Transit stations,False,2020-03-18,-29.910,-73%
Hawaii,3,16,Honolulu County,Transit stations,False,2020-03-19,-33.553,-73%
Hawaii,3,16,Honolulu County,Transit stations,False,2020-03-20,-35.369,-73%
Hawaii,3,16,Honolulu County,Transit stations,False,2020-03-21,-39.492,-73%
Hawaii,3,16,Honolulu County,Transit stations,False,2020-03-22,-43.027,-73%
Hawaii,3,16,Honolulu County,Transit stations,False,2020-03-23,-43.925,-73%
Hawaii,3,16,Honolulu County,Transit stations,False,2020-03-24,-50.496,-73%
Hawaii,3,16,Honolulu County,Transit stations,False,2020-03-25,-54.374,-73%
Hawaii,3,16,Honolulu County,Transit stations,False,2020-03-26,-63.800,-73%
Hawaii,3,16,Honolulu County,Transit stations,False,2020-03-27,-63.861,-73%
Hawaii,3,16,Honolulu County,Transit stations,False,2020-03-28,-66.192,-73%
Hawaii,3,16,Honolulu County,Transit stations,False,2020-03-29,-68.537,-73%
Hawaii,3,16,Honolulu County,Transit stations,False,2020-03-30,-61.339,-73%
Hawaii,3,16,Honolulu County,Transit stations,False,2020-03-31,-62.341,-73%
Hawaii,3,16,Honolulu County,Transit stations,False,2020-04-01,-63.437,-73%
Hawaii,3,16,Honolulu County,Transit stations,False,2020-04-02,-65.520,-73%
Hawaii,3,16,Honolulu County,Transit stations,False,2020-04-03,-65.143,-73%
Hawaii,3,16,Honolulu County,Transit stations,False,2020-04-04,-68.781,-73%
Hawaii,3,16,Honolulu County,Transit stations,False,2020-04-05,-72.845,-73%
Hawaii,3,17,Honolulu County,Workplace,False,2020-02-23,2.062,-45%
Hawaii,3,17,Honolulu County,Workplace,False,2020-02-24,2.040,-45%
Hawaii,3,17,Honolulu County,Workplace,False,2020-02-25,-0.075,-45%
Hawaii,3,17,Honolulu County,Workplace,False,2020-02-26,0.469,-45%
Hawaii,3,17,Honolulu County,Workplace,False,2020-02-27,0.539,-45%
Hawaii,3,17,Honolulu County,Workplace,False,2020-02-28,2.208,-45%
Hawaii,3,17,Honolulu County,Workplace,False,2020-02-29,1.182,-45%
Hawaii,3,17,Honolulu County,Workplace,False,2020-03-01,2.748,-45%
Hawaii,3,17,Honolulu County,Workplace,False,2020-03-02,2.177,-45%
Hawaii,3,17,Honolulu County,Workplace,False,2020-03-03,1.242,-45%
Hawaii,3,17,Honolulu County,Workplace,False,2020-03-04,0.774,-45%
Hawaii,3,17,Honolulu County,Workplace,False,2020-03-05,1.074,-45%
Hawaii,3,17,Honolulu County,Workplace,False,2020-03-06,2.503,-45%
Hawaii,3,17,Honolulu County,Workplace,False,2020-03-07,2.883,-45%
Hawaii,3,17,Honolulu County,Workplace,False,2020-03-08,1.619,-45%
Hawaii,3,17,Honolulu County,Workplace,False,2020-03-09,1.339,-45%
Hawaii,3,17,Honolulu County,Workplace,False,2020-03-10,-0.075,-45%
Hawaii,3,17,Honolulu County,Workplace,False,2020-03-11,-0.526,-45%
Hawaii,3,17,Honolulu County,Workplace,False,2020-03-12,-1.052,-45%
Hawaii,3,17,Honolulu County,Workplace,False,2020-03-13,-0.107,-45%
Hawaii,3,17,Honolulu County,Workplace,False,2020-03-14,-2.776,-45%
Hawaii,3,17,Honolulu County,Workplace,False,2020-03-15,-4.838,-45%
Hawaii,3,17,Honolulu County,Workplace,False,2020-03-16,-17.160,-45%
Hawaii,3,17,Honolulu County,Workplace,False,2020-03-17,-22.966,-45%
Hawaii,3,17,Honolulu County,Workplace,False,2020-03-18,-25.407,-45%
Hawaii,3,17,Honolulu County,Workplace,False,2020-03-19,-28.640,-45%
Hawaii,3,17,Honolulu County,Workplace,False,2020-03-20,-32.337,-45%
Hawaii,3,17,Honolulu County,Workplace,False,2020-03-21,-26.329,-45%
Hawaii,3,17,Honolulu County,Workplace,False,2020-03-22,-29.172,-45%
Hawaii,3,17,Honolulu County,Workplace,False,2020-03-23,-35.080,-45%
Hawaii,3,17,Honolulu County,Workplace,False,2020-03-24,-43.887,-45%
Hawaii,3,17,Honolulu County,Workplace,False,2020-03-25,-46.705,-45%
Hawaii,3,17,Honolulu County,Workplace,False,2020-03-26,-53.620,-45%
Hawaii,3,17,Honolulu County,Workplace,False,2020-03-27,-46.388,-45%
Hawaii,3,17,Honolulu County,Workplace,False,2020-03-28,-42.259,-45%
Hawaii,3,17,Honolulu County,Workplace,False,2020-03-29,-43.983,-45%
Hawaii,3,17,Honolulu County,Workplace,False,2020-03-30,-47.156,-45%
Hawaii,3,17,Honolulu County,Workplace,False,2020-03-31,-49.024,-45%
Hawaii,3,17,Honolulu County,Workplace,False,2020-04-01,-49.810,-45%
Hawaii,3,17,Honolulu County,Workplace,False,2020-04-02,-49.995,-45%
Hawaii,3,17,Honolulu County,Workplace,False,2020-04-03,-47.890,-45%
Hawaii,3,17,Honolulu County,Workplace,False,2020-04-04,-44.222,-45%
Hawaii,3,17,Honolulu County,Workplace,False,2020-04-05,-44.911,-45%
Hawaii,3,18,Honolulu County,Residential,False,2020-02-23,-0.094,+16%
Hawaii,3,18,Honolulu County,Residential,False,2020-02-24,-0.716,+16%
Hawaii,3,18,Honolulu County,Residential,False,2020-02-25,0.703,+16%
Hawaii,3,18,Honolulu County,Residential,False,2020-02-26,-0.085,+16%
Hawaii,3,18,Honolulu County,Residential,False,2020-02-27,0.113,+16%
Hawaii,3,18,Honolulu County,Residential,False,2020-02-28,-0.453,+16%
Hawaii,3,18,Honolulu County,Residential,False,2020-02-29,-0.471,+16%
Hawaii,3,18,Honolulu County,Residential,False,2020-03-01,0.734,+16%
Hawaii,3,18,Honolulu County,Residential,False,2020-03-02,-0.155,+16%
Hawaii,3,18,Honolulu County,Residential,False,2020-03-03,0.331,+16%
Hawaii,3,18,Honolulu County,Residential,False,2020-03-04,0.134,+16%
Hawaii,3,18,Honolulu County,Residential,False,2020-03-05,0.574,+16%
Hawaii,3,18,Honolulu County,Residential,False,2020-03-06,0.204,+16%
Hawaii,3,18,Honolulu County,Residential,False,2020-03-07,-0.402,+16%
Hawaii,3,18,Honolulu County,Residential,False,2020-03-08,0.459,+16%
Hawaii,3,18,Honolulu County,Residential,False,2020-03-09,0.364,+16%
Hawaii,3,18,Honolulu County,Residential,False,2020-03-10,1.246,+16%
Hawaii,3,18,Honolulu County,Residential,False,2020-03-11,0.963,+16%
Hawaii,3,18,Honolulu County,Residential,False,2020-03-12,2.472,+16%
Hawaii,3,18,Honolulu County,Residential,False,2020-03-13,2.003,+16%
Hawaii,3,18,Honolulu County,Residential,False,2020-03-14,1.549,+16%
Hawaii,3,18,Honolulu County,Residential,False,2020-03-15,2.988,+16%
Hawaii,3,18,Honolulu County,Residential,False,2020-03-16,7.438,+16%
Hawaii,3,18,Honolulu County,Residential,False,2020-03-17,12.677,+16%
Hawaii,3,18,Honolulu County,Residential,False,2020-03-18,12.520,+16%
Hawaii,3,18,Honolulu County,Residential,False,2020-03-19,14.904,+16%
Hawaii,3,18,Honolulu County,Residential,False,2020-03-20,17.279,+16%
Hawaii,3,18,Honolulu County,Residential,False,2020-03-21,12.594,+16%
Hawaii,3,18,Honolulu County,Residential,False,2020-03-22,11.453,+16%
Hawaii,3,18,Honolulu County,Residential,False,2020-03-23,16.741,+16%
Hawaii,3,18,Honolulu County,Residential,False,2020-03-24,22.869,+16%
Hawaii,3,18,Honolulu County,Residential,False,2020-03-25,23.534,+16%
Hawaii,3,18,Honolulu County,Residential,False,2020-03-26,26.784,+16%
Hawaii,3,18,Honolulu County,Residential,False,2020-03-27,26.745,+16%
Hawaii,3,18,Honolulu County,Residential,False,2020-03-28,18.437,+16%
Hawaii,3,18,Honolulu County,Residential,False,2020-03-29,15.729,+16%
Hawaii,3,18,Honolulu County,Residential,False,2020-03-30,21.612,+16%
Hawaii,3,18,Honolulu County,Residential,False,2020-03-31,24.278,+16%
Hawaii,3,18,Honolulu County,Residential,False,2020-04-01,24.165,+16%
Hawaii,3,18,Honolulu County,Residential,False,2020-04-02,25.250,+16%
Hawaii,3,18,Honolulu County,Residential,False,2020-04-03,26.202,+16%
Hawaii,3,18,Honolulu County,Residential,False,2020-04-04,18.235,+16%
Hawaii,3,18,Honolulu County,Residential,False,2020-04-05,15.809,+16%
Hawaii,4,19,Kauai County,Retail & recreation,False,2020-02-23,4.279,-67%
Hawaii,4,19,Kauai County,Retail & recreation,False,2020-02-24,3.285,-67%
Hawaii,4,19,Kauai County,Retail & recreation,False,2020-02-25,4.141,-67%
Hawaii,4,19,Kauai County,Retail & recreation,False,2020-02-26,7.010,-67%
Hawaii,4,19,Kauai County,Retail & recreation,False,2020-02-27,3.183,-67%
Hawaii,4,19,Kauai County,Retail & recreation,False,2020-02-28,5.634,-67%
Hawaii,4,19,Kauai County,Retail & recreation,False,2020-02-29,-1.318,-67%
Hawaii,4,19,Kauai County,Retail & recreation,False,2020-03-01,4.483,-67%
Hawaii,4,19,Kauai County,Retail & recreation,False,2020-03-02,-0.770,-67%
Hawaii,4,19,Kauai County,Retail & recreation,False,2020-03-03,-0.286,-67%
Hawaii,4,19,Kauai County,Retail & recreation,False,2020-03-04,5.305,-67%
Hawaii,4,19,Kauai County,Retail & recreation,False,2020-03-05,1.946,-67%
Hawaii,4,19,Kauai County,Retail & recreation,False,2020-03-06,1.794,-67%
Hawaii,4,19,Kauai County,Retail & recreation,False,2020-03-07,1.147,-67%
Hawaii,4,19,Kauai County,Retail & recreation,False,2020-03-08,2.956,-67%
Hawaii,4,19,Kauai County,Retail & recreation,False,2020-03-09,-0.384,-67%
Hawaii,4,19,Kauai County,Retail & recreation,False,2020-03-10,0.388,-67%
Hawaii,4,19,Kauai County,Retail & recreation,False,2020-03-11,-0.376,-67%
Hawaii,4,19,Kauai County,Retail & recreation,False,2020-03-12,-1.146,-67%
Hawaii,4,19,Kauai County,Retail & recreation,False,2020-03-13,-2.557,-67%
Hawaii,4,19,Kauai County,Retail & recreation,False,2020-03-14,-7.744,-67%
Hawaii,4,19,Kauai County,Retail & recreation,False,2020-03-15,-8.552,-67%
Hawaii,4,19,Kauai County,Retail & recreation,False,2020-03-16,-15.248,-67%
Hawaii,4,19,Kauai County,Retail & recreation,False,2020-03-17,-22.711,-67%
Hawaii,4,19,Kauai County,Retail & recreation,False,2020-03-18,-28.785,-67%
Hawaii,4,19,Kauai County,Retail & recreation,False,2020-03-19,-31.711,-67%
Hawaii,4,19,Kauai County,Retail & recreation,False,2020-03-20,-35.236,-67%
Hawaii,4,19,Kauai County,Retail & recreation,False,2020-03-21,-46.652,-67%
Hawaii,4,19,Kauai County,Retail & recreation,False,2020-03-22,-50.303,-67%
Hawaii,4,19,Kauai County,Retail & recreation,False,2020-03-23,-50.094,-67%
Hawaii,4,19,Kauai County,Retail & recreation,False,2020-03-24,-51.201,-67%
Hawaii,4,19,Kauai County,Retail & recreation,False,2020-03-25,-62.781,-67%
Hawaii,4,19,Kauai County,Retail & recreation,False,2020-03-26,-68.107,-67%
Hawaii,4,19,Kauai County,Retail & recreation,False,2020-03-27,-66.636,-67%
Hawaii,4,19,Kauai County,Retail & recreation,False,2020-03-28,-73.413,-67%
Hawaii,4,19,Kauai County,Retail & recreation,False,2020-03-29,-68.582,-67%
Hawaii,4,19,Kauai County,Retail & recreation,False,2020-03-30,-62.449,-67%
Hawaii,4,19,Kauai County,Retail & recreation,False,2020-03-31,-62.462,-67%
Hawaii,4,19,Kauai County,Retail & recreation,False,2020-04-01,-62.781,-67%
Hawaii,4,19,Kauai County,Retail & recreation,False,2020-04-02,-65.147,-67%
Hawaii,4,19,Kauai County,Retail & recreation,False,2020-04-03,-63.052,-67%
Hawaii,4,19,Kauai County,Retail & recreation,False,2020-04-04,-68.836,-67%
Hawaii,4,19,Kauai County,Retail & recreation,False,2020-04-05,-67.309,-67%
Hawaii,4,20,Kauai County,Grocery & pharmacy,False,2020-02-23,8.149,-42%
Hawaii,4,20,Kauai County,Grocery & pharmacy,False,2020-02-24,-2.367,-42%
Hawaii,4,20,Kauai County,Grocery & pharmacy,False,2020-02-25,5.225,-42%
Hawaii,4,20,Kauai County,Grocery & pharmacy,False,2020-02-26,3.205,-42%
Hawaii,4,20,Kauai County,Grocery & pharmacy,False,2020-02-27,3.590,-42%
Hawaii,4,20,Kauai County,Grocery & pharmacy,False,2020-02-28,4.987,-42%
Hawaii,4,20,Kauai County,Grocery & pharmacy,False,2020-02-29,-0.324,-42%
Hawaii,4,20,Kauai County,Grocery & pharmacy,False,2020-03-01,4.529,-42%
Hawaii,4,20,Kauai County,Grocery & pharmacy,False,2020-03-02,0.005,-42%
Hawaii,4,20,Kauai County,Grocery & pharmacy,False,2020-03-03,-4.011,-42%
Hawaii,4,20,Kauai County,Grocery & pharmacy,False,2020-03-04,-1.596,-42%
Hawaii,4,20,Kauai County,Grocery & pharmacy,False,2020-03-05,0.005,-42%
Hawaii,4,20,Kauai County,Grocery & pharmacy,False,2020-03-06,0.716,-42%
Hawaii,4,20,Kauai County,Grocery & pharmacy,False,2020-03-07,2.965,-42%
Hawaii,4,20,Kauai County,Grocery & pharmacy,False,2020-03-08,-2.258,-42%
Hawaii,4,20,Kauai County,Grocery & pharmacy,False,2020-03-09,-3.553,-42%
Hawaii,4,20,Kauai County,Grocery & pharmacy,False,2020-03-10,-1.200,-42%
Hawaii,4,20,Kauai County,Grocery & pharmacy,False,2020-03-11,0.404,-42%
Hawaii,4,20,Kauai County,Grocery & pharmacy,False,2020-03-12,0.801,-42%
Hawaii,4,20,Kauai County,Grocery & pharmacy,False,2020-03-13,0.716,-42%
Hawaii,4,20,Kauai County,Grocery & pharmacy,False,2020-03-14,-5.258,-42%
Hawaii,4,20,Kauai County,Grocery & pharmacy,False,2020-03-15,4.529,-42%
Hawaii,4,20,Kauai County,Grocery & pharmacy,False,2020-03-16,-9.481,-42%
Hawaii,4,20,Kauai County,Grocery & pharmacy,False,2020-03-17,-14.453,-42%
Hawaii,4,20,Kauai County,Grocery & pharmacy,False,2020-03-18,-14.396,-42%
Hawaii,4,20,Kauai County,Grocery & pharmacy,False,2020-03-19,-13.541,-42%
Hawaii,4,20,Kauai County,Grocery & pharmacy,False,2020-03-20,-15.654,-42%
Hawaii,4,20,Kauai County,Grocery & pharmacy,False,2020-03-21,-32.232,-42%
Hawaii,4,20,Kauai County,Grocery & pharmacy,False,2020-03-22,-23.977,-42%
Hawaii,4,20,Kauai County,Grocery & pharmacy,False,2020-03-23,-26.478,-42%
Hawaii,4,20,Kauai County,Grocery & pharmacy,False,2020-03-24,-27.305,-42%
Hawaii,4,20,Kauai County,Grocery & pharmacy,False,2020-03-25,-34.396,-42%
Hawaii,4,20,Kauai County,Grocery & pharmacy,False,2020-03-26,-45.414,-42%
Hawaii,4,20,Kauai County,Grocery & pharmacy,False,2020-03-27,-46.971,-42%
Hawaii,4,20,Kauai County,Grocery & pharmacy,False,2020-03-28,-61.837,-42%
Hawaii,4,20,Kauai County,Grocery & pharmacy,False,2020-03-29,-53.389,-42%
Hawaii,4,20,Kauai County,Grocery & pharmacy,False,2020-03-30,-37.545,-42%
Hawaii,4,20,Kauai County,Grocery & pharmacy,False,2020-03-31,-41.762,-42%
Hawaii,4,20,Kauai County,Grocery & pharmacy,False,2020-04-01,-40.795,-42%
Hawaii,4,20,Kauai County,Grocery & pharmacy,False,2020-04-02,-41.031,-42%
Hawaii,4,20,Kauai County,Grocery & pharmacy,False,2020-04-03,-39.853,-42%
Hawaii,4,20,Kauai County,Grocery & pharmacy,False,2020-04-04,-58.548,-42%
Hawaii,4,20,Kauai County,Grocery & pharmacy,False,2020-04-05,-42.077,-42%
Hawaii,4,21,Kauai County,Parks,False,2020-02-23,13.356,-69%
Hawaii,4,21,Kauai County,Parks,False,2020-02-24,3.239,-69%
Hawaii,4,21,Kauai County,Parks,False,2020-02-25,0.623,-69%
Hawaii,4,21,Kauai County,Parks,False,2020-02-26,13.697,-69%
Hawaii,4,21,Kauai County,Parks,False,2020-02-27,6.821,-69%
Hawaii,4,21,Kauai County,Parks,False,2020-02-28,-0.859,-69%
Hawaii,4,21,Kauai County,Parks,False,2020-02-29,-5.180,-69%
Hawaii,4,21,Kauai County,Parks,False,2020-03-01,-10.383,-69%
Hawaii,4,21,Kauai County,Parks,False,2020-03-02,-14.237,-69%
Hawaii,4,21,Kauai County,Parks,False,2020-03-03,0.623,-69%
Hawaii,4,21,Kauai County,Parks,False,2020-03-04,9.875,-69%
Hawaii,4,21,Kauai County,Parks,False,2020-03-05,-2.838,-69%
Hawaii,4,21,Kauai County,Parks,False,2020-03-06,-4.595,-69%
Hawaii,4,21,Kauai County,Parks,False,2020-03-07,0.003,-69%
Hawaii,4,21,Kauai County,Parks,False,2020-03-08,-3.558,-69%
Hawaii,4,21,Kauai County,Parks,False,2020-03-09,-8.412,-69%
Hawaii,4,21,Kauai County,Parks,False,2020-03-10,-3.103,-69%
Hawaii,4,21,Kauai County,Parks,False,2020-03-11,2.550,-69%
Hawaii,4,21,Kauai County,Parks,False,2020-03-12,-7.668,-69%
Hawaii,4,21,Kauai County,Parks,False,2020-03-13,-3.158,-69%
Hawaii,4,21,Kauai County,Parks,False,2020-03-14,-0.302,-69%
Hawaii,4,21,Kauai County,Parks,False,2020-03-15,-5.932,-69%
Hawaii,4,21,Kauai County,Parks,False,2020-03-16,-57.603,-69%
Hawaii,4,21,Kauai County,Parks,False,2020-03-17,-50.308,-69%
Hawaii,4,21,Kauai County,Parks,False,2020-03-18,-46.176,-69%
Hawaii,4,21,Kauai County,Parks,False,2020-03-19,-44.316,-69%
Hawaii,4,21,Kauai County,Parks,False,2020-03-20,-40.802,-69%
Hawaii,4,21,Kauai County,Parks,False,2020-03-21,-47.254,-69%
Hawaii,4,21,Kauai County,Parks,False,2020-03-22,-48.069,-69%
Hawaii,4,21,Kauai County,Parks,False,2020-03-23,-61.486,-69%
Hawaii,4,21,Kauai County,Parks,False,2020-03-24,-67.699,-69%
Hawaii,4,21,Kauai County,Parks,False,2020-03-25,-69.424,-69%
Hawaii,4,21,Kauai County,Parks,False,2020-03-26,-78.691,-69%
Hawaii,4,21,Kauai County,Parks,False,2020-03-27,-83.043,-69%
Hawaii,4,21,Kauai County,Parks,False,2020-03-28,-78.351,-69%
Hawaii,4,21,Kauai County,Parks,False,2020-03-29,-74.478,-69%
Hawaii,4,21,Kauai County,Parks,False,2020-03-30,-73.137,-69%
Hawaii,4,21,Kauai County,Parks,False,2020-03-31,-71.737,-69%
Hawaii,4,21,Kauai County,Parks,False,2020-04-01,-68.787,-69%
Hawaii,4,21,Kauai County,Parks,False,2020-04-02,-71.588,-69%
Hawaii,4,21,Kauai County,Parks,False,2020-04-03,-72.124,-69%
Hawaii,4,21,Kauai County,Parks,False,2020-04-04,-69.510,-69%
Hawaii,4,21,Kauai County,Parks,False,2020-04-05,-68.544,-69%
Hawaii,4,22,Kauai County,Transit stations,False,2020-02-23,17.501,-84%
Hawaii,4,22,Kauai County,Transit stations,False,2020-02-24,0.996,-84%
Hawaii,4,22,Kauai County,Transit stations,False,2020-02-25,8.877,-84%
Hawaii,4,22,Kauai County,Transit stations,False,2020-02-26,9.393,-84%
Hawaii,4,22,Kauai County,Transit stations,False,2020-02-27,2.539,-84%
Hawaii,4,22,Kauai County,Transit stations,False,2020-02-28,3.212,-84%
Hawaii,4,22,Kauai County,Transit stations,False,2020-02-29,5.051,-84%
Hawaii,4,22,Kauai County,Transit stations,False,2020-03-01,14.376,-84%
Hawaii,4,22,Kauai County,Transit stations,False,2020-03-02,-6.467,-84%
Hawaii,4,22,Kauai County,Transit stations,False,2020-03-03,5.326,-84%
Hawaii,4,22,Kauai County,Transit stations,False,2020-03-04,0.001,-84%
Hawaii,4,22,Kauai County,Transit stations,False,2020-03-05,4.062,-84%
Hawaii,4,22,Kauai County,Transit stations,False,2020-03-06,-8.256,-84%
Hawaii,4,22,Kauai County,Transit stations,False,2020-03-07,-2.524,-84%
Hawaii,4,22,Kauai County,Transit stations,False,2020-03-08,15.626,-84%
Hawaii,4,22,Kauai County,Transit stations,False,2020-03-09,-0.496,-84%
Hawaii,4,22,Kauai County,Transit stations,False,2020-03-10,5.326,-84%
Hawaii,4,22,Kauai County,Transit stations,False,2020-03-11,-1.104,-84%
Hawaii,4,22,Kauai County,Transit stations,False,2020-03-12,0.001,-84%
Hawaii,4,22,Kauai County,Transit stations,False,2020-03-13,-6.421,-84%
Hawaii,4,22,Kauai County,Transit stations,False,2020-03-14,1.516,-84%
Hawaii,4,22,Kauai County,Transit stations,False,2020-03-15,2.501,-84%
Hawaii,4,22,Kauai County,Transit stations,False,2020-03-16,-17.412,-84%
Hawaii,4,22,Kauai County,Transit stations,False,2020-03-17,-17.159,-84%
Hawaii,4,22,Kauai County,Transit stations,False,2020-03-18,-28.176,-84%
Hawaii,4,22,Kauai County,Transit stations,False,2020-03-19,-35.025,-84%
Hawaii,4,22,Kauai County,Transit stations,False,2020-03-20,-46.329,-84%
Hawaii,4,22,Kauai County,Transit stations,False,2020-03-21,-49.494,-84%
Hawaii,4,22,Kauai County,Transit stations,False,2020-03-22,-53.124,-84%
Hawaii,4,22,Kauai County,Transit stations,False,2020-03-23,-59.203,-84%
Hawaii,4,22,Kauai County,Transit stations,False,2020-03-24,-59.762,-84%
Hawaii,4,22,Kauai County,Transit stations,False,2020-03-25,-68.507,-84%
Hawaii,4,22,Kauai County,Transit stations,False,2020-03-26,-77.664,-84%
Hawaii,4,22,Kauai County,Transit stations,False,2020-03-27,-81.651,-84%
Hawaii,4,22,Kauai County,Transit stations,False,2020-03-28,-86.363,-84%
Hawaii,4,22,Kauai County,Transit stations,False,2020-03-29,-83.124,-84%
Hawaii,4,22,Kauai County,Transit stations,False,2020-03-30,-79.104,-84%
Hawaii,4,22,Kauai County,Transit stations,False,2020-03-31,-75.147,-84%
Hawaii,4,22,Kauai County,Transit stations,False,2020-04-01,-79.557,-84%
Hawaii,4,22,Kauai County,Transit stations,False,2020-04-02,-82.740,-84%
Hawaii,4,22,Kauai County,Transit stations,False,2020-04-03,-85.779,-84%
Hawaii,4,22,Kauai County,Transit stations,False,2020-04-04,-86.363,-84%
Hawaii,4,22,Kauai County,Transit stations,False,2020-04-05,-84.374,-84%
Hawaii,4,23,Kauai County,Workplace,False,2020-02-23,-3.010,-46%
Hawaii,4,23,Kauai County,Workplace,False,2020-02-24,2.013,-46%
Hawaii,4,23,Kauai County,Workplace,False,2020-02-25,-0.265,-46%
Hawaii,4,23,Kauai County,Workplace,False,2020-02-26,2.188,-46%
Hawaii,4,23,Kauai County,Workplace,False,2020-02-27,-0.267,-46%
Hawaii,4,23,Kauai County,Workplace,False,2020-02-28,-0.271,-46%
Hawaii,4,23,Kauai County,Workplace,False,2020-02-29,-3.156,-46%
Hawaii,4,23,Kauai County,Workplace,False,2020-03-01,-1.203,-46%
Hawaii,4,23,Kauai County,Workplace,False,2020-03-02,3.163,-46%
Hawaii,4,23,Kauai County,Workplace,False,2020-03-03,-0.265,-46%
Hawaii,4,23,Kauai County,Workplace,False,2020-03-04,2.188,-46%
Hawaii,4,23,Kauai County,Workplace,False,2020-03-05,-1.076,-46%
Hawaii,4,23,Kauai County,Workplace,False,2020-03-06,-2.183,-46%
Hawaii,4,23,Kauai County,Workplace,False,2020-03-07,-3.682,-46%
Hawaii,4,23,Kauai County,Workplace,False,2020-03-08,-4.817,-46%
Hawaii,4,23,Kauai County,Workplace,False,2020-03-09,5.175,-46%
Hawaii,4,23,Kauai County,Workplace,False,2020-03-10,0.269,-46%
Hawaii,4,23,Kauai County,Workplace,False,2020-03-11,2.462,-46%
Hawaii,4,23,Kauai County,Workplace,False,2020-03-12,-0.806,-46%
Hawaii,4,23,Kauai County,Workplace,False,2020-03-13,-3.276,-46%
Hawaii,4,23,Kauai County,Workplace,False,2020-03-14,-2.629,-46%
Hawaii,4,23,Kauai County,Workplace,False,2020-03-15,-7.829,-46%
Hawaii,4,23,Kauai County,Workplace,False,2020-03-16,-20.975,-46%
Hawaii,4,23,Kauai County,Workplace,False,2020-03-17,-33.688,-46%
Hawaii,4,23,Kauai County,Workplace,False,2020-03-18,-23.495,-46%
Hawaii,4,23,Kauai County,Workplace,False,2020-03-19,-26.683,-46%
Hawaii,4,23,Kauai County,Workplace,False,2020-03-20,-27.047,-46%
Hawaii,4,23,Kauai County,Workplace,False,2020-03-21,-25.261,-46%
Hawaii,4,23,Kauai County,Workplace,False,2020-03-22,-31.925,-46%
Hawaii,4,23,Kauai County,Workplace,False,2020-03-23,-29.020,-46%
Hawaii,4,23,Kauai County,Workplace,False,2020-03-24,-35.025,-46%
Hawaii,4,23,Kauai County,Workplace,False,2020-03-25,-38.523,-46%
Hawaii,4,23,Kauai County,Workplace,False,2020-03-26,-49.863,-46%
Hawaii,4,23,Kauai County,Workplace,False,2020-03-27,-44.533,-46%
Hawaii,4,23,Kauai County,Workplace,False,2020-03-28,-50.524,-46%
Hawaii,4,23,Kauai County,Workplace,False,2020-03-29,-48.191,-46%
Hawaii,4,23,Kauai County,Workplace,False,2020-03-30,-42.239,-46%
Hawaii,4,23,Kauai County,Workplace,False,2020-03-31,-46.789,-46%
Hawaii,4,23,Kauai County,Workplace,False,2020-04-01,-43.987,-46%
Hawaii,4,23,Kauai County,Workplace,False,2020-04-02,-47.168,-46%
Hawaii,4,23,Kauai County,Workplace,False,2020-04-03,-43.987,-46%
Hawaii,4,23,Kauai County,Workplace,False,2020-04-04,-46.840,-46%
Hawaii,4,23,Kauai County,Workplace,False,2020-04-05,-46.384,-46%
Hawaii,4,24,Kauai County,Residential,True,2020-02-23,,+23%
Hawaii,4,24,Kauai County,Residential,True,2020-02-24,-0.511,+23%
Hawaii,4,24,Kauai County,Residential,True,2020-02-25,1.222,+23%
Hawaii,4,24,Kauai County,Residential,True,2020-02-26,0.171,+23%
Hawaii,4,24,Kauai County,Residential,True,2020-02-27,-0.501,+23%
Hawaii,4,24,Kauai County,Residential,True,2020-02-28,0.146,+23%
Hawaii,4,24,Kauai County,Residential,True,2020-02-29,,+23%
Hawaii,4,24,Kauai County,Residential,True,2020-03-01,,+23%
Hawaii,4,24,Kauai County,Residential,True,2020-03-02,0.536,+23%
Hawaii,4,24,Kauai County,Residential,True,2020-03-03,0.654,+23%
Hawaii,4,24,Kauai County,Residential,True,2020-03-04,0.224,+23%
Hawaii,4,24,Kauai County,Residential,True,2020-03-05,0.227,+23%
Hawaii,4,24,Kauai County,Residential,True,2020-03-06,0.872,+23%
Hawaii,4,24,Kauai County,Residential,True,2020-03-07,,+23%
Hawaii,4,24,Kauai County,Residential,True,2020-03-08,,+23%
Hawaii,4,24,Kauai County,Residential,True,2020-03-09,0.655,+23%
Hawaii,4,24,Kauai County,Residential,True,2020-03-10,1.168,+23%
Hawaii,4,24,Kauai County,Residential,True,2020-03-11,-0.056,+23%
Hawaii,4,24,Kauai County,Residential,True,2020-03-12,0.394,+23%
Hawaii,4,24,Kauai County,Residential,True,2020-03-13,1.798,+23%
Hawaii,4,24,Kauai County,Residential,True,2020-03-14,,+23%
Hawaii,4,24,Kauai County,Residential,True,2020-03-15,,+23%
Hawaii,4,24,Kauai County,Residential,True,2020-03-16,10.362,+23%
Hawaii,4,24,Kauai County,Residential,True,2020-03-17,17.121,+23%
Hawaii,4,24,Kauai County,Residential,True,2020-03-18,13.730,+23%
Hawaii,4,24,Kauai County,Residential,True,2020-03-19,12.924,+23%
Hawaii,4,24,Kauai County,Residential,True,2020-03-20,14.947,+23%
Hawaii,4,24,Kauai County,Residential,True,2020-03-21,,+23%
Hawaii,4,24,Kauai County,Residential,True,2020-03-22,,+23%
Hawaii,4,24,Kauai County,Residential,True,2020-03-23,13.352,+23%
Hawaii,4,24,Kauai County,Residential,True,2020-03-24,17.240,+23%
Hawaii,4,24,Kauai County,Residential,True,2020-03-25,19.665,+23%
Hawaii,4,24,Kauai County,Residential,True,2020-03-26,24.018,+23%
Hawaii,4,24,Kauai County,Residential,True,2020-03-27,26.430,+23%
Hawaii,4,24,Kauai County,Residential,True,2020-03-28,,+23%
Hawaii,4,24,Kauai County,Residential,True,2020-03-29,,+23%
Hawaii,4,24,Kauai County,Residential,True,2020-03-30,19.461,+23%
Hawaii,4,24,Kauai County,Residential,True,2020-03-31,22.035,+23%
Hawaii,4,24,Kauai County,Residential,True,2020-04-01,20.939,+23%
Hawaii,4,24,Kauai County,Residential,True,2020-04-02,20.892,+23%
Hawaii,4,24,Kauai County,Residential,True,2020-04-03,22.862,+23%
Hawaii,4,24,Kauai County,Residential,True,2020-04-04,,+23%
Hawaii,4,24,Kauai County,Residential,True,2020-04-05,,+23%
Hawaii,4,25,Maui County,Retail & recreation,False,2020-02-23,3.467,-64%
Hawaii,4,25,Maui County,Retail & recreation,False,2020-02-24,2.924,-64%
Hawaii,4,25,Maui County,Retail & recreation,False,2020-02-25,2.724,-64%
Hawaii,4,25,Maui County,Retail & recreation,False,2020-02-26,0.555,-64%
Hawaii,4,25,Maui County,Retail & recreation,False,2020-02-27,4.140,-64%
Hawaii,4,25,Maui County,Retail & recreation,False,2020-02-28,4.427,-64%
Hawaii,4,25,Maui County,Retail & recreation,False,2020-02-29,0.388,-64%
Hawaii,4,25,Maui County,Retail & recreation,False,2020-03-01,4.752,-64%
Hawaii,4,25,Maui County,Retail & recreation,False,2020-03-02,2.127,-64%
Hawaii,4,25,Maui County,Retail & recreation,False,2020-03-03,4.758,-64%
Hawaii,4,25,Maui County,Retail & recreation,False,2020-03-04,-0.848,-64%
Hawaii,4,25,Maui County,Retail & recreation,False,2020-03-05,5.780,-64%
Hawaii,4,25,Maui County,Retail & recreation,False,2020-03-06,4.019,-64%
Hawaii,4,25,Maui County,Retail & recreation,False,2020-03-07,4.226,-64%
Hawaii,4,25,Maui County,Retail & recreation,False,2020-03-08,4.830,-64%
Hawaii,4,25,Maui County,Retail & recreation,False,2020-03-09,1.140,-64%
Hawaii,4,25,Maui County,Retail & recreation,False,2020-03-10,2.571,-64%
Hawaii,4,25,Maui County,Retail & recreation,False,2020-03-11,-3.469,-64%
Hawaii,4,25,Maui County,Retail & recreation,False,2020-03-12,1.306,-64%
Hawaii,4,25,Maui County,Retail & recreation,False,2020-03-13,-2.552,-64%
Hawaii,4,25,Maui County,Retail & recreation,False,2020-03-14,-7.675,-64%
Hawaii,4,25,Maui County,Retail & recreation,False,2020-03-15,-9.423,-64%
Hawaii,4,25,Maui County,Retail & recreation,False,2020-03-16,-8.844,-64%
Hawaii,4,25,Maui County,Retail & recreation,False,2020-03-17,-14.920,-64%
Hawaii,4,25,Maui County,Retail & recreation,False,2020-03-18,-22.406,-64%
Hawaii,4,25,Maui County,Retail & recreation,False,2020-03-19,-25.018,-64%
Hawaii,4,25,Maui County,Retail & recreation,False,2020-03-20,-38.099,-64%
Hawaii,4,25,Maui County,Retail & recreation,False,2020-03-21,-47.112,-64%
Hawaii,4,25,Maui County,Retail & recreation,False,2020-03-22,-51.440,-64%
Hawaii,4,25,Maui County,Retail & recreation,False,2020-03-23,-46.696,-64%
Hawaii,4,25,Maui County,Retail & recreation,False,2020-03-24,-47.103,-64%
Hawaii,4,25,Maui County,Retail & recreation,False,2020-03-25,-59.911,-64%
Hawaii,4,25,Maui County,Retail & recreation,False,2020-03-26,-59.059,-64%
Hawaii,4,25,Maui County,Retail & recreation,False,2020-03-27,-58.324,-64%
Hawaii,4,25,Maui County,Retail & recreation,False,2020-03-28,-62.710,-64%
Hawaii,4,25,Maui County,Retail & recreation,False,2020-03-29,-64.095,-64%
Hawaii,4,25,Maui County,Retail & recreation,False,2020-03-30,-57.744,-64%
Hawaii,4,25,Maui County,Retail & recreation,False,2020-03-31,-57.038,-64%
Hawaii,4,25,Maui County,Retail & recreation,False,2020-04-01,-57.843,-64%
Hawaii,4,25,Maui County,Retail & recreation,False,2020-04-02,-56.561,-64%
Hawaii,4,25,Maui County,Retail & recreation,False,2020-04-03,-56.077,-64%
Hawaii,4,25,Maui County,Retail & recreation,False,2020-04-04,-60.879,-64%
Hawaii,4,25,Maui County,Retail & recreation,False,2020-04-05,-63.745,-64%
Hawaii,4,26,Maui County,Grocery & pharmacy,False,2020-02-23,-0.161,-32%
Hawaii,4,26,Maui County,Grocery & pharmacy,False,2020-02-24,3.354,-32%
Hawaii,4,26,Maui County,Grocery & pharmacy,False,2020-02-25,-1.084,-32%
Hawaii,4,26,Maui County,Grocery & pharmacy,False,2020-02-26,2.093,-32%
Hawaii,4,26,Maui County,Grocery & pharmacy,False,2020-02-27,0.611,-32%
Hawaii,4,26,Maui County,Grocery & pharmacy,False,2020-02-28,3.221,-32%
Hawaii,4,26,Maui County,Grocery & pharmacy,False,2020-02-29,-3.514,-32%
Hawaii,4,26,Maui County,Grocery & pharmacy,False,2020-03-01,-0.644,-32%
Hawaii,4,26,Maui County,Grocery & pharmacy,False,2020-03-02,4.792,-32%
Hawaii,4,26,Maui County,Grocery & pharmacy,False,2020-03-03,8.668,-32%
Hawaii,4,26,Maui County,Grocery & pharmacy,False,2020-03-04,-2.093,-32%
Hawaii,4,26,Maui County,Grocery & pharmacy,False,2020-03-05,6.116,-32%
Hawaii,4,26,Maui County,Grocery & pharmacy,False,2020-03-06,7.703,-32%
Hawaii,4,26,Maui County,Grocery & pharmacy,False,2020-03-07,4.865,-32%
Hawaii,4,26,Maui County,Grocery & pharmacy,False,2020-03-08,7.556,-32%
Hawaii,4,26,Maui County,Grocery & pharmacy,False,2020-03-09,6.709,-32%
Hawaii,4,26,Maui County,Grocery & pharmacy,False,2020-03-10,4.024,-32%
Hawaii,4,26,Maui County,Grocery & pharmacy,False,2020-03-11,-3.139,-32%
Hawaii,4,26,Maui County,Grocery & pharmacy,False,2020-03-12,5.352,-32%
Hawaii,4,26,Maui County,Grocery & pharmacy,False,2020-03-13,10.924,-32%
Hawaii,4,26,Maui County,Grocery & pharmacy,False,2020-03-14,2.973,-32%
Hawaii,4,26,Maui County,Grocery & pharmacy,False,2020-03-15,5.948,-32%
Hawaii,4,26,Maui County,Grocery & pharmacy,False,2020-03-16,15.815,-32%
Hawaii,4,26,Maui County,Grocery & pharmacy,False,2020-03-17,2.941,-32%
Hawaii,4,26,Maui County,Grocery & pharmacy,False,2020-03-18,2.691,-32%
Hawaii,4,26,Maui County,Grocery & pharmacy,False,2020-03-19,3.823,-32%
Hawaii,4,26,Maui County,Grocery & pharmacy,False,2020-03-20,-3.221,-32%
Hawaii,4,26,Maui County,Grocery & pharmacy,False,2020-03-21,-17.162,-32%
Hawaii,4,26,Maui County,Grocery & pharmacy,False,2020-03-22,-26.045,-32%
Hawaii,4,26,Maui County,Grocery & pharmacy,False,2020-03-23,-15.815,-32%
Hawaii,4,26,Maui County,Grocery & pharmacy,False,2020-03-24,-18.267,-32%
Hawaii,4,26,Maui County,Grocery & pharmacy,False,2020-03-25,-33.633,-32%
Hawaii,4,26,Maui County,Grocery & pharmacy,False,2020-03-26,-34.710,-32%
Hawaii,4,26,Maui County,Grocery & pharmacy,False,2020-03-27,-31.093,-32%
Hawaii,4,26,Maui County,Grocery & pharmacy,False,2020-03-28,-44.595,-32%
Hawaii,4,26,Maui County,Grocery & pharmacy,False,2020-03-29,-40.354,-32%
Hawaii,4,26,Maui County,Grocery & pharmacy,False,2020-03-30,-31.470,-32%
Hawaii,4,26,Maui County,Grocery & pharmacy,False,2020-03-31,-35.759,-32%
Hawaii,4,26,Maui County,Grocery & pharmacy,False,2020-04-01,-34.978,-32%
Hawaii,4,26,Maui County,Grocery & pharmacy,False,2020-04-02,-29.511,-32%
Hawaii,4,26,Maui County,Grocery & pharmacy,False,2020-04-03,-27.171,-32%
Hawaii,4,26,Maui County,Grocery & pharmacy,False,2020-04-04,-35.946,-32%
Hawaii,4,26,Maui County,Grocery & pharmacy,False,2020-04-05,-32.155,-32%
Hawaii,4,27,Maui County,Parks,False,2020-02-23,11.172,-77%
Hawaii,4,27,Maui County,Parks,False,2020-02-24,6.915,-77%
Hawaii,4,27,Maui County,Parks,False,2020-02-25,8.220,-77%
Hawaii,4,27,Maui County,Parks,False,2020-02-26,5.660,-77%
Hawaii,4,27,Maui County,Parks,False,2020-02-27,5.241,-77%
Hawaii,4,27,Maui County,Parks,False,2020-02-28,7.561,-77%
Hawaii,4,27,Maui County,Parks,False,2020-02-29,-9.688,-77%
Hawaii,4,27,Maui County,Parks,False,2020-03-01,-15.025,-77%
Hawaii,4,27,Maui County,Parks,False,2020-03-02,0.310,-77%
Hawaii,4,27,Maui County,Parks,False,2020-03-03,5.584,-77%
Hawaii,4,27,Maui County,Parks,False,2020-03-04,2.296,-77%
Hawaii,4,27,Maui County,Parks,False,2020-03-05,19.526,-77%
Hawaii,4,27,Maui County,Parks,False,2020-03-06,9.136,-77%
Hawaii,4,27,Maui County,Parks,False,2020-03-07,0.845,-77%
Hawaii,4,27,Maui County,Parks,False,2020-03-08,3.194,-77%
Hawaii,4,27,Maui County,Parks,False,2020-03-09,1.999,-77%
Hawaii,4,27,Maui County,Parks,False,2020-03-10,6.359,-77%
Hawaii,4,27,Maui County,Parks,False,2020-03-11,-0.150,-77%
Hawaii,4,27,Maui County,Parks,False,2020-03-12,-2.537,-77%
Hawaii,4,27,Maui County,Parks,False,2020-03-13,-2.045,-77%
Hawaii,4,27,Maui County,Parks,False,2020-03-14,-0.700,-77%
Hawaii,4,27,Maui County,Parks,False,2020-03-15,-10.636,-77%
Hawaii,4,27,Maui County,Parks,False,2020-03-16,-20.274,-77%
Hawaii,4,27,Maui County,Parks,False,2020-03-17,-35.966,-77%
Hawaii,4,27,Maui County,Parks,False,2020-03-18,-17.888,-77%
Hawaii,4,27,Maui County,Parks,False,2020-03-19,-22.061,-77%
Hawaii,4,27,Maui County,Parks,False,2020-03-20,-22.517,-77%
Hawaii,4,27,Maui County,Parks,False,2020-03-21,-35.110,-77%
Hawaii,4,27,Maui County,Parks,False,2020-03-22,-45.477,-77%
Hawaii,4,27,Maui County,Parks,False,2020-03-23,-64.514,-77%
Hawaii,4,27,Maui County,Parks,False,2020-03-24,-64.339,-77%
Hawaii,4,27,Maui County,Parks,False,2020-03-25,-74.310,-77%
Hawaii,4,27,Maui County,Parks,False,2020-03-26,-74.601,-77%
Hawaii,4,27,Maui County,Parks,False,2020-03-27,-69.762,-77%
Hawaii,4,27,Maui County,Parks,False,2020-03-28,-68.958,-77%
Hawaii,4,27,Maui County,Parks,False,2020-03-29,-73.136,-77%
Hawaii,4,27,Maui County,Parks,False,2020-03-30,-75.573,-77%
Hawaii,4,27,Maui County,Parks,False,2020-03-31,-77.517,-77%
Hawaii,4,27,Maui County,Parks,False,2020-04-01,-68.499,-77%
Hawaii,4,27,Maui County,Parks,False,2020-04-02,-66.982,-77%
Hawaii,4,27,Maui County,Parks,False,2020-04-03,-71.493,-77%
Hawaii,4,27,Maui County,Parks,False,2020-04-04,-70.082,-77%
Hawaii,4,27,Maui County,Parks,False,2020-04-05,-76.859,-77%
Hawaii,4,28,Maui County,Transit stations,False,2020-02-23,0.665,-88%
Hawaii,4,28,Maui County,Transit stations,False,2020-02-24,7.399,-88%
Hawaii,4,28,Maui County,Transit stations,False,2020-02-25,-0.222,-88%
Hawaii,4,28,Maui County,Transit stations,False,2020-02-26,-5.934,-88%
Hawaii,4,28,Maui County,Transit stations,False,2020-02-27,0.640,-88%
Hawaii,4,28,Maui County,Transit stations,False,2020-02-28,0.406,-88%
Hawaii,4,28,Maui County,Transit stations,False,2020-02-29,5.579,-88%
Hawaii,4,28,Maui County,Transit stations,False,2020-03-01,1.331,-88%
Hawaii,4,28,Maui County,Transit stations,False,2020-03-02,6.278,-88%
Hawaii,4,28,Maui County,Transit stations,False,2020-03-03,-4.454,-88%
Hawaii,4,28,Maui County,Transit stations,False,2020-03-04,-6.154,-88%
Hawaii,4,28,Maui County,Transit stations,False,2020-03-05,0.427,-88%
Hawaii,4,28,Maui County,Transit stations,False,2020-03-06,2.434,-88%
Hawaii,4,28,Maui County,Transit stations,False,2020-03-07,-1.033,-88%
Hawaii,4,28,Maui County,Transit stations,False,2020-03-08,5.543,-88%
Hawaii,4,28,Maui County,Transit stations,False,2020-03-09,0.673,-88%
Hawaii,4,28,Maui County,Transit stations,False,2020-03-10,0.445,-88%
Hawaii,4,28,Maui County,Transit stations,False,2020-03-11,-0.659,-88%
Hawaii,4,28,Maui County,Transit stations,False,2020-03-12,-1.066,-88%
Hawaii,4,28,Maui County,Transit stations,False,2020-03-13,-4.056,-88%
Hawaii,4,28,Maui County,Transit stations,False,2020-03-14,-8.677,-88%
Hawaii,4,28,Maui County,Transit stations,False,2020-03-15,-9.313,-88%
Hawaii,4,28,Maui County,Transit stations,False,2020-03-16,-6.054,-88%
Hawaii,4,28,Maui County,Transit stations,False,2020-03-17,-12.249,-88%
Hawaii,4,28,Maui County,Transit stations,False,2020-03-18,-23.956,-88%
Hawaii,4,28,Maui County,Transit stations,False,2020-03-19,-30.917,-88%
Hawaii,4,28,Maui County,Transit stations,False,2020-03-20,-35.091,-88%
Hawaii,4,28,Maui County,Transit stations,False,2020-03-21,-46.075,-88%
Hawaii,4,28,Maui County,Transit stations,False,2020-03-22,-50.776,-88%
Hawaii,4,28,Maui County,Transit stations,False,2020-03-23,-51.794,-88%
Hawaii,4,28,Maui County,Transit stations,False,2020-03-24,-56.347,-88%
Hawaii,4,28,Maui County,Transit stations,False,2020-03-25,-65.055,-88%
Hawaii,4,28,Maui County,Transit stations,False,2020-03-26,-75.266,-88%
Hawaii,4,28,Maui County,Transit stations,False,2020-03-27,-77.079,-88%
Hawaii,4,28,Maui County,Transit stations,False,2020-03-28,-84.091,-88%
Hawaii,4,28,Maui County,Transit stations,False,2020-03-29,-84.701,-88%
Hawaii,4,28,Maui County,Transit stations,False,2020-03-30,-76.009,-88%
Hawaii,4,28,Maui County,Transit stations,False,2020-03-31,-77.060,-88%
Hawaii,4,28,Maui County,Transit stations,False,2020-04-01,-80.220,-88%
Hawaii,4,28,Maui County,Transit stations,False,2020-04-02,-81.663,-88%
Hawaii,4,28,Maui County,Transit stations,False,2020-04-03,-82.353,-88%
Hawaii,4,28,Maui County,Transit stations,False,2020-04-04,-85.744,-88%
Hawaii,4,28,Maui County,Transit stations,False,2020-04-05,-87.583,-88%
Hawaii,4,29,Maui County,Workplace,False,2020-02-23,-0.766,-57%
Hawaii,4,29,Maui County,Workplace,False,2020-02-24,2.741,-57%
Hawaii,4,29,Maui County,Workplace,False,2020-02-25,0.181,-57%
Hawaii,4,29,Maui County,Workplace,False,2020-02-26,0.360,-57%
Hawaii,4,29,Maui County,Workplace,False,2020-02-27,0.089,-57%
Hawaii,4,29,Maui County,Workplace,False,2020-02-28,-1.104,-57%
Hawaii,4,29,Maui County,Workplace,False,2020-02-29,-0.494,-57%
Hawaii,4,29,Maui County,Workplace,False,2020-03-01,-1.915,-57%
Hawaii,4,29,Maui County,Workplace,False,2020-03-02,3.592,-57%
Hawaii,4,29,Maui County,Workplace,False,2020-03-03,1.536,-57%
Hawaii,4,29,Maui County,Workplace,False,2020-03-04,1.440,-57%
Hawaii,4,29,Maui County,Workplace,False,2020-03-05,0.803,-57%
Hawaii,4,29,Maui County,Workplace,False,2020-03-06,-3.315,-57%
Hawaii,4,29,Maui County,Workplace,False,2020-03-07,-1.318,-57%
Hawaii,4,29,Maui County,Workplace,False,2020-03-08,-1.149,-57%
Hawaii,4,29,Maui County,Workplace,False,2020-03-09,2.741,-57%
Hawaii,4,29,Maui County,Workplace,False,2020-03-10,1.716,-57%
Hawaii,4,29,Maui County,Workplace,False,2020-03-11,-0.360,-57%
Hawaii,4,29,Maui County,Workplace,False,2020-03-12,-1.784,-57%
Hawaii,4,29,Maui County,Workplace,False,2020-03-13,-2.947,-57%
Hawaii,4,29,Maui County,Workplace,False,2020-03-14,-5.601,-57%
Hawaii,4,29,Maui County,Workplace,False,2020-03-15,-6.896,-57%
Hawaii,4,29,Maui County,Workplace,False,2020-03-16,-13.799,-57%
Hawaii,4,29,Maui County,Workplace,False,2020-03-17,-19.693,-57%
Hawaii,4,29,Maui County,Workplace,False,2020-03-18,-24.032,-57%
Hawaii,4,29,Maui County,Workplace,False,2020-03-19,-27.475,-57%
Hawaii,4,29,Maui County,Workplace,False,2020-03-20,-32.689,-57%
Hawaii,4,29,Maui County,Workplace,False,2020-03-21,-33.938,-57%
Hawaii,4,29,Maui County,Workplace,False,2020-03-22,-39.463,-57%
Hawaii,4,29,Maui County,Workplace,False,2020-03-23,-36.200,-57%
Hawaii,4,29,Maui County,Workplace,False,2020-03-24,-40.740,-57%
Hawaii,4,29,Maui County,Workplace,False,2020-03-25,-46.175,-57%
Hawaii,4,29,Maui County,Workplace,False,2020-03-26,-54.327,-57%
Hawaii,4,29,Maui County,Workplace,False,2020-03-27,-47.698,-57%
Hawaii,4,29,Maui County,Workplace,False,2020-03-28,-49.424,-57%
Hawaii,4,29,Maui County,Workplace,False,2020-03-29,-54.406,-57%
Hawaii,4,29,Maui County,Workplace,False,2020-03-30,-47.070,-57%
Hawaii,4,29,Maui County,Workplace,False,2020-03-31,-49.864,-57%
Hawaii,4,29,Maui County,Workplace,False,2020-04-01,-49.865,-57%
Hawaii,4,29,Maui County,Workplace,False,2020-04-02,-49.777,-57%
Hawaii,4,29,Maui County,Workplace,False,2020-04-03,-49.724,-57%
Hawaii,4,29,Maui County,Workplace,False,2020-04-04,-53.213,-57%
Hawaii,4,29,Maui County,Workplace,False,2020-04-05,-56.513,-57%
Hawaii,4,30,Maui County,Residential,False,2020-02-23,-1.156,+17%
Hawaii,4,30,Maui County,Residential,False,2020-02-24,-0.461,+17%
Hawaii,4,30,Maui County,Residential,False,2020-02-25,0.091,+17%
Hawaii,4,30,Maui County,Residential,False,2020-02-26,0.112,+17%
Hawaii,4,30,Maui County,Residential,False,2020-02-27,-1.137,+17%
Hawaii,4,30,Maui County,Residential,False,2020-02-28,-0.356,+17%
Hawaii,4,30,Maui County,Residential,False,2020-02-29,0.925,+17%
Hawaii,4,30,Maui County,Residential,False,2020-03-01,0.969,+17%
Hawaii,4,30,Maui County,Residential,False,2020-03-02,0.378,+17%
Hawaii,4,30,Maui County,Residential,False,2020-03-03,-0.383,+17%
Hawaii,4,30,Maui County,Residential,False,2020-03-04,0.291,+17%
Hawaii,4,30,Maui County,Residential,False,2020-03-05,-0.719,+17%
Hawaii,4,30,Maui County,Residential,False,2020-03-06,0.632,+17%
Hawaii,4,30,Maui County,Residential,False,2020-03-07,0.720,+17%
Hawaii,4,30,Maui County,Residential,False,2020-03-08,0.255,+17%
Hawaii,4,30,Maui County,Residential,False,2020-03-09,0.509,+17%
Hawaii,4,30,Maui County,Residential,False,2020-03-10,0.310,+17%
Hawaii,4,30,Maui County,Residential,False,2020-03-11,1.140,+17%
Hawaii,4,30,Maui County,Residential,False,2020-03-12,0.668,+17%
Hawaii,4,30,Maui County,Residential,False,2020-03-13,1.671,+17%
Hawaii,4,30,Maui County,Residential,False,2020-03-14,3.364,+17%
Hawaii,4,30,Maui County,Residential,False,2020-03-15,2.934,+17%
Hawaii,4,30,Maui County,Residential,False,2020-03-16,5.917,+17%
Hawaii,4,30,Maui County,Residential,False,2020-03-17,9.615,+17%
Hawaii,4,30,Maui County,Residential,False,2020-03-18,9.938,+17%
Hawaii,4,30,Maui County,Residential,False,2020-03-19,10.880,+17%
Hawaii,4,30,Maui County,Residential,False,2020-03-20,14.395,+17%
Hawaii,4,30,Maui County,Residential,False,2020-03-21,12.970,+17%
Hawaii,4,30,Maui County,Residential,False,2020-03-22,11.809,+17%
Hawaii,4,30,Maui County,Residential,False,2020-03-23,15.385,+17%
Hawaii,4,30,Maui County,Residential,False,2020-03-24,16.750,+17%
Hawaii,4,30,Maui County,Residential,False,2020-03-25,21.388,+17%
Hawaii,4,30,Maui County,Residential,False,2020-03-26,23.172,+17%
Hawaii,4,30,Maui County,Residential,False,2020-03-27,22.961,+17%
Hawaii,4,30,Maui County,Residential,False,2020-03-28,18.998,+17%
Hawaii,4,30,Maui County,Residential,False,2020-03-29,17.137,+17%
Hawaii,4,30,Maui County,Residential,False,2020-03-30,19.843,+17%
Hawaii,4,30,Maui County,Residential,False,2020-03-31,21.598,+17%
Hawaii,4,30,Maui County,Residential,False,2020-04-01,20.669,+17%
Hawaii,4,30,Maui County,Residential,False,2020-04-02,20.215,+17%
Hawaii,4,30,Maui County,Residential,False,2020-04-03,22.609,+17%
Hawaii,4,30,Maui County,Residential,False,2020-04-04,18.857,+17%
Hawaii,4,30,Maui County,Residential,False,2020-04-05,17.023,+17%
